run,model,state,factor_family,support,positive_rate,accuracy,precision,recall,f1,auroc,auprc,ece,imbalance_flag
a1_factorized_imitation__full_strat1m_minocc100__node_id,a1_factorized_imitation,post_gold,conflictWith,1843471,0.7072381393577659,0.9424476978482439,0.9645792716939063,0.9536430038051102,0.9590799625419051,0.986822544703024,0.993511247943958,0.24389955118486265,false
a1_factorized_imitation__full_strat1m_minocc100__node_id,a1_factorized_imitation,post_gold,distinct,687661,0.9887735381241629,0.9986941239942355,0.999308806249568,0.9993705336198287,0.999339668981502,0.9980676705582493,0.999955728176777,0.015067507275095142,true
a1_factorized_imitation__full_strat1m_minocc100__node_id,a1_factorized_imitation,post_gold,inverse,42384,0.8147178180445451,0.9791666666666666,0.9806582481001086,0.9940343459500159,0.987300993772741,0.9769271613029671,0.9923213745313099,0.19080903735198154,false
a1_factorized_imitation__full_strat1m_minocc100__node_id,a1_factorized_imitation,post_gold,itemRequiresStatement,705893,0.9912947146380542,0.9912947146380542,0.9912947146380542,1.0,0.9956283289972333,0.880983733011721,0.9982718171664408,0.002999442737514443,true
a1_factorized_imitation__full_strat1m_minocc100__node_id,a1_factorized_imitation,post_gold,oneOf,3331,0.9978985289702792,0.9978985289702792,0.9978985289702792,1.0,0.9989481592787377,0.772649131854908,0.9994319311600786,0.10123809317646353,true
a1_factorized_imitation__full_strat1m_minocc100__node_id,a1_factorized_imitation,post_gold,single,1368781,0.9990254102007553,0.9990254102007553,0.9990254102007553,1.0,0.9995124675282908,0.9009653720052577,0.9998439960411,0.000918997342195768,true
a1_factorized_imitation__full_strat1m_minocc100__node_id,a1_factorized_imitation,post_gold,symmetric,4698,0.9987228607918263,0.9987228607918263,0.9987228607918263,1.0,0.9993610223642173,0.8062304631997727,0.9996615900745318,0.06378000130953818,true
a1_factorized_imitation__full_strat1m_minocc100__node_id,a1_factorized_imitation,post_gold,type,752805,0.9426518155432018,0.9757546775061271,0.9785060842675555,0.9961613961019288,0.9872548129630534,0.9695410136572437,0.9974165681174707,0.030996650316229203,false
a1_factorized_imitation__full_strat1m_minocc100__node_id,a1_factorized_imitation,post_gold,valueRequiresStatement,20367,0.9951391957578436,0.9951391957578436,0.9951391957578436,1.0,0.997563676633444,0.5689610232979091,0.9965356730974443,0.04908246109211348,true
a1_factorized_imitation__full_strat1m_minocc100__node_id,a1_factorized_imitation,post_gold,valueType,466978,0.8715207140379204,0.9686666181276206,0.9788048823944332,0.9853850671161553,0.982083952697325,0.9825198036958599,0.9959837630096859,0.09782895209950161,false
a1_factorized_imitation__full_strat1m_minocc100__node_id,a1_factorized_imitation,pre,conflictWith,1843471,0.7164360057738907,0.9458570273142349,0.9670417022422567,0.9570449350320921,0.962017349080316,0.9878185740131247,0.9940504230374386,0.2374433447305429,false
a1_factorized_imitation__full_strat1m_minocc100__node_id,a1_factorized_imitation,pre,distinct,431550,0.9406951685783802,0.9983362298690766,0.9997952664619332,0.998435794924093,0.9991150682432749,0.9995055074241374,0.9999047807408514,0.0639657261350381,false
a1_factorized_imitation__full_strat1m_minocc100__node_id,a1_factorized_imitation,pre,inverse,42384,0.3294167610419026,0.9790958852397131,0.9891515786323507,0.946927374301676,0.9675790398126465,0.9911165597694622,0.9892153559577576,0.6599316701200441,false
a1_factorized_imitation__full_strat1m_minocc100__node_id,a1_factorized_imitation,pre,itemRequiresStatement,705718,0.9935229085838819,0.9945105552076041,0.9946482562140243,0.9998545240869604,0.9972445951674438,0.8690218237105543,0.9986427746961519,0.0019028361170384603,true
a1_factorized_imitation__full_strat1m_minocc100__node_id,a1_factorized_imitation,pre,oneOf,3331,0.7577304112879015,0.7577304112879015,0.7577304112879015,1.0,0.8621690862510675,0.6328713986375161,0.8575131612363076,0.09818416769459454,false
a1_factorized_imitation__full_strat1m_minocc100__node_id,a1_factorized_imitation,pre,single,1368781,0.9985768358853607,0.9985768358853607,0.9985768358853607,1.0,0.9992879112330906,0.9235333762626505,0.9998300827810411,0.0003292219433170605,true
a1_factorized_imitation__full_strat1m_minocc100__node_id,a1_factorized_imitation,pre,symmetric,4698,0.945295870583227,0.945295870583227,0.945295870583227,1.0,0.9718787613524456,0.839367776563802,0.9847940964733012,0.045350271166512746,false
a1_factorized_imitation__full_strat1m_minocc100__node_id,a1_factorized_imitation,pre,type,752048,0.9428600302108376,0.9772168797736315,0.9805940418012952,0.9955378548984876,0.9880094446442792,0.9714904229673669,0.997630599743915,0.033538146333228346,false
a1_factorized_imitation__full_strat1m_minocc100__node_id,a1_factorized_imitation,pre,valueRequiresStatement,20344,0.9631340935902477,0.9630357845064884,0.9631304689804345,0.9998979279371236,0.9811698717948718,0.9071745432275187,0.9957822196590993,0.035569213263359364,true
a1_factorized_imitation__full_strat1m_minocc100__node_id,a1_factorized_imitation,pre,valueType,466401,0.8707635704040085,0.9698092414038564,0.9804131089042909,0.985007079101262,0.9827047250332555,0.9835970318621138,0.9964103318956522,0.10246962288720524,false
m1c_safe_factor_chooser__full_strat1m_minocc100__node_id_gamma_0_2,m1c_safe_factor_chooser,post_gold,conflictWith,1843471,0.7072381393577659,0.9381612187010265,0.9678977194521022,0.9438682960914209,0.9557319921186032,0.9849765639354894,0.9925777005195998,0.2510444186499561,false
m1c_safe_factor_chooser__full_strat1m_minocc100__node_id_gamma_0_2,m1c_safe_factor_chooser,post_gold,distinct,687661,0.9887735381241629,0.9989675145166005,0.9991431473095854,0.9998132190881268,0.9994780708912049,0.9970440294716825,0.9999437957589373,0.011417075085050358,true
m1c_safe_factor_chooser__full_strat1m_minocc100__node_id_gamma_0_2,m1c_safe_factor_chooser,post_gold,inverse,42384,0.8147178180445451,0.9756275953189883,0.9769892350629379,0.9934841157221048,0.9851676358676145,0.9835276634795512,0.9950125176223624,0.1613554186022444,false
m1c_safe_factor_chooser__full_strat1m_minocc100__node_id_gamma_0_2,m1c_safe_factor_chooser,post_gold,itemRequiresStatement,705893,0.9912947146380542,0.9912947146380542,0.9912947146380542,1.0,0.9956283289972333,0.8785680643474054,0.9982965749746606,0.005982266738343246,true
m1c_safe_factor_chooser__full_strat1m_minocc100__node_id_gamma_0_2,m1c_safe_factor_chooser,post_gold,oneOf,3331,0.9978985289702792,0.9978985289702792,0.9978985289702792,1.0,0.9989481592787377,0.7413615265600826,0.9992811288712321,0.12149892254872073,true
m1c_safe_factor_chooser__full_strat1m_minocc100__node_id_gamma_0_2,m1c_safe_factor_chooser,post_gold,single,1368781,0.9990254102007553,0.9990254102007553,0.9990254102007553,1.0,0.9995124675282908,0.8616782372294997,0.999793448818419,0.001233416213336123,true
m1c_safe_factor_chooser__full_strat1m_minocc100__node_id_gamma_0_2,m1c_safe_factor_chooser,post_gold,symmetric,4698,0.9987228607918263,0.9987228607918263,0.9987228607918263,1.0,0.9993610223642173,0.6469344984370561,0.9992059490701211,0.008647010117299861,true
m1c_safe_factor_chooser__full_strat1m_minocc100__node_id_gamma_0_2,m1c_safe_factor_chooser,post_gold,type,752805,0.9426518155432018,0.9751715251625587,0.9757138372054596,0.9985147252171193,0.9869826144671202,0.9658966092279356,0.9967324551632375,0.029812196459510647,false
m1c_safe_factor_chooser__full_strat1m_minocc100__node_id_gamma_0_2,m1c_safe_factor_chooser,post_gold,valueRequiresStatement,20367,0.9951391957578436,0.9951391957578436,0.9951391957578436,1.0,0.997563676633444,0.5631751698951225,0.995768716475974,0.07930305870431402,true
m1c_safe_factor_chooser__full_strat1m_minocc100__node_id_gamma_0_2,m1c_safe_factor_chooser,post_gold,valueType,466978,0.8715207140379204,0.9683989395646048,0.9751765144870298,0.9889134873618178,0.9819969622847523,0.981194928165327,0.9957470687200174,0.09808120895117475,false
m1c_safe_factor_chooser__full_strat1m_minocc100__node_id_gamma_0_2,m1c_safe_factor_chooser,pre,conflictWith,1843471,0.7164360057738907,0.9420842530205249,0.9698519263355,0.9486503287199721,0.9591339768336814,0.9867427499897532,0.9940167329742136,0.24401637794607803,false
m1c_safe_factor_chooser__full_strat1m_minocc100__node_id_gamma_0_2,m1c_safe_factor_chooser,pre,distinct,431550,0.9406951685783802,0.9984567257559959,0.99979529271908,0.9985638873082617,0.999179210612585,0.9997302440913256,0.9999708356131308,0.0623017761464579,false
m1c_safe_factor_chooser__full_strat1m_minocc100__node_id_gamma_0_2,m1c_safe_factor_chooser,pre,inverse,42384,0.3294167610419026,0.9793318233295584,0.9903327338129496,0.9464976364417705,0.9679191386508459,0.9926781520870842,0.9906401660553448,0.6633016158321767,false
m1c_safe_factor_chooser__full_strat1m_minocc100__node_id_gamma_0_2,m1c_safe_factor_chooser,pre,itemRequiresStatement,705718,0.9935229085838819,0.9942101519303744,0.9943982557850882,0.9998046058815055,0.9970941024360895,0.8320927880532808,0.9982002822857652,0.0031568884472310365,true
m1c_safe_factor_chooser__full_strat1m_minocc100__node_id_gamma_0_2,m1c_safe_factor_chooser,pre,oneOf,3331,0.7577304112879015,0.7577304112879015,0.7577304112879015,1.0,0.8621690862510675,0.6130566634656738,0.8404331344837931,0.07091870285733905,false
m1c_safe_factor_chooser__full_strat1m_minocc100__node_id_gamma_0_2,m1c_safe_factor_chooser,pre,single,1368781,0.9985768358853607,0.998612634161345,0.9986198703598712,0.9999926838172623,0.9993058056072921,0.8748241813873934,0.9997382790735816,0.00031286717679425066,true
m1c_safe_factor_chooser__full_strat1m_minocc100__node_id_gamma_0_2,m1c_safe_factor_chooser,pre,symmetric,4698,0.945295870583227,0.945295870583227,0.945295870583227,1.0,0.9718787613524456,0.7818295560382253,0.9782268824323115,0.08421369288362507,false
m1c_safe_factor_chooser__full_strat1m_minocc100__node_id_gamma_0_2,m1c_safe_factor_chooser,pre,type,752048,0.9428600302108376,0.9765453800821224,0.978012861549608,0.997550333109568,0.9876849887280539,0.9670150559581477,0.9969814747173477,0.03313072849006195,false
m1c_safe_factor_chooser__full_strat1m_minocc100__node_id_gamma_0_2,m1c_safe_factor_chooser,pre,valueRequiresStatement,20344,0.9631340935902477,0.9631340935902477,0.9631340935902477,1.0,0.981220892383194,0.8978674764383654,0.994079075561652,0.0346141288125088,true
m1c_safe_factor_chooser__full_strat1m_minocc100__node_id_gamma_0_2,m1c_safe_factor_chooser,pre,valueType,466401,0.8707635704040085,0.9699250216015832,0.9762285325624894,0.9895574022776239,0.9828477797002918,0.9824565018561074,0.9960313465526014,0.09905795224878552,false
m1d_safe_factor_direct__full_strat1m_minocc100__node_id,m1d_safe_factor_direct,post_gold,conflictWith,1843471,0.7072381393577659,0.9348652623230851,0.9617392335520131,0.9455181231702144,0.9535596985716032,0.9841912935233896,0.9926228937421147,0.24488220957308623,false
m1d_safe_factor_direct__full_strat1m_minocc100__node_id,m1d_safe_factor_direct,post_gold,distinct,687661,0.9887735381241629,0.9968240164848668,0.9990868884545882,0.9976998004238603,0.9983928626618728,0.9967995910693651,0.9999449697711811,0.01843839804022684,true
m1d_safe_factor_direct__full_strat1m_minocc100__node_id,m1d_safe_factor_direct,post_gold,inverse,42384,0.8147178180445451,0.9763118157795394,0.9776334159614782,0.993657872636182,0.9855805135864881,0.9779947440948932,0.9924596301323748,0.20866457776723044,false
m1d_safe_factor_direct__full_strat1m_minocc100__node_id,m1d_safe_factor_direct,post_gold,itemRequiresStatement,705893,0.9912947146380542,0.9912947146380542,0.9912947146380542,1.0,0.9956283289972333,0.8825711104655121,0.9983020898738735,0.0065302438298049815,true
m1d_safe_factor_direct__full_strat1m_minocc100__node_id,m1d_safe_factor_direct,post_gold,oneOf,3331,0.9978985289702792,0.9978985289702792,0.9978985289702792,1.0,0.9989481592787377,0.7721763795771016,0.9994049893186334,0.13512232152594705,true
m1d_safe_factor_direct__full_strat1m_minocc100__node_id,m1d_safe_factor_direct,post_gold,single,1368781,0.9990254102007553,0.9990254102007553,0.9990254102007553,1.0,0.9995124675282908,0.8541343605204111,0.9997576964706046,0.0013279280016310273,true
m1d_safe_factor_direct__full_strat1m_minocc100__node_id,m1d_safe_factor_direct,post_gold,symmetric,4698,0.9987228607918263,0.9987228607918263,0.9987228607918263,1.0,0.9993610223642173,0.6956521739130435,0.9994647837880011,0.078478568751744,true
m1d_safe_factor_direct__full_strat1m_minocc100__node_id,m1d_safe_factor_direct,post_gold,type,752805,0.9426518155432018,0.9766300702041033,0.9789098096097526,0.9966813831938481,0.9877156636634875,0.9705627819076245,0.9974636381709976,0.0309764483903039,false
m1d_safe_factor_direct__full_strat1m_minocc100__node_id,m1d_safe_factor_direct,post_gold,valueRequiresStatement,20367,0.9951391957578436,0.9951391957578436,0.9951391957578436,1.0,0.997563676633444,0.5255627620192451,0.9948914126805115,0.06126419468750604,true
m1d_safe_factor_direct__full_strat1m_minocc100__node_id,m1d_safe_factor_direct,post_gold,valueType,466978,0.8715207140379204,0.9663067639160732,0.9791041632481123,0.9823038421941074,0.9807013928751909,0.9813909528091851,0.9965503510837591,0.0995923687773694,false
m1d_safe_factor_direct__full_strat1m_minocc100__node_id,m1d_safe_factor_direct,pre,conflictWith,1843471,0.7164360057738907,0.9382659125096082,0.9631932024899642,0.9501396577193353,0.9566219017754128,0.9848915920155344,0.993318249692228,0.23601815163262058,false
m1d_safe_factor_direct__full_strat1m_minocc100__node_id,m1d_safe_factor_direct,pre,distinct,431550,0.9406951685783802,0.997543737689723,0.9986477665981108,0.9987412459940338,0.9986945041086172,0.9993058102252836,0.9999377534062671,0.05783795664671357,false
m1d_safe_factor_direct__full_strat1m_minocc100__node_id,m1d_safe_factor_direct,pre,inverse,42384,0.3294167610419026,0.9739288410721026,0.9871182844585891,0.9330325168313995,0.959313671342833,0.9929795081175278,0.9915252585195891,0.6625713543228685,false
m1d_safe_factor_direct__full_strat1m_minocc100__node_id,m1d_safe_factor_direct,pre,itemRequiresStatement,705718,0.9935229085838819,0.9939196676292796,0.9940769416202266,0.9998374092736616,0.9969488543805023,0.8632745438487661,0.9986122278011105,0.0031509755753551623,true
m1d_safe_factor_direct__full_strat1m_minocc100__node_id,m1d_safe_factor_direct,pre,oneOf,3331,0.7577304112879015,0.7577304112879015,0.7577304112879015,1.0,0.8621690862510675,0.6348825746194648,0.8546459950360104,0.08287717423901401,false
m1d_safe_factor_direct__full_strat1m_minocc100__node_id,m1d_safe_factor_direct,pre,single,1368781,0.9985768358853607,0.9985768358853607,0.9985768358853607,1.0,0.9992879112330906,0.8914005799924145,0.9997411728462159,0.0005288530281743498,true
m1d_safe_factor_direct__full_strat1m_minocc100__node_id,m1d_safe_factor_direct,pre,symmetric,4698,0.945295870583227,0.945295870583227,0.945295870583227,1.0,0.9718787613524456,0.816154212121398,0.9812093527509289,0.05298766002801186,false
m1d_safe_factor_direct__full_strat1m_minocc100__node_id,m1d_safe_factor_direct,pre,type,752048,0.9428600302108376,0.977679616194711,0.9806074221353357,0.9960244035900242,0.9882557895473308,0.9703991586465184,0.997464999325692,0.03283927294596079,false
m1d_safe_factor_direct__full_strat1m_minocc100__node_id,m1d_safe_factor_direct,pre,valueRequiresStatement,20344,0.9631340935902477,0.9628391663389697,0.9631232176221851,0.9996937838113709,0.9810678152859862,0.8919167772447348,0.994151717848643,0.034201057936162654,true
m1d_safe_factor_direct__full_strat1m_minocc100__node_id,m1d_safe_factor_direct,pre,valueType,466401,0.8707635704040085,0.9673092467640507,0.9796260939133508,0.9828993536472761,0.9812599940757638,0.9826854283775701,0.9967860286763495,0.10106522281665559,false
