A,A_over_R,F,F_and_A,F_and_A_over_F,F_not_A,R,family,population,source_records,split,vocabulary
94599,0.9402357571661432,76783,76436,0.9954807704830496,347,100612,conflictWith,existing_sample,100612,overall,V0_clean_parent_train_minocc100
221609,0.9710833976021874,227209,220620,0.9710002684752804,6589,228208,distinct,existing_sample,228208,overall,V0_clean_parent_train_minocc100
68855,0.9785960972697944,62558,62554,0.9999360593369353,4,70361,inverse,existing_sample,70361,overall,V0_clean_parent_train_minocc100
55073,0.5507355073550736,83238,49433,0.5938753934501069,33805,99999,itemRequiresStatement,existing_sample,99999,overall,V0_clean_parent_train_minocc100
6790,0.9905178701677607,1564,1552,0.9923273657289002,12,6855,oneOf,existing_sample,6855,overall,V0_clean_parent_train_minocc100
855320,0.8952433784625369,661595,610564,0.9228667084847981,51031,955405,overall,existing_sample,955405,overall,V0_clean_parent_train_minocc100
104488,0.8727479264635868,52766,52755,0.9997915324261836,11,119723,single,existing_sample,119723,overall,V0_clean_parent_train_minocc100
29204,0.9852236691181432,10134,10132,0.9998026445628577,2,29642,symmetric,existing_sample,29642,overall,V0_clean_parent_train_minocc100
95422,0.9541913742587722,64196,64081,0.9982086111284192,115,100003,type,existing_sample,100003,overall,V0_clean_parent_train_minocc100
83205,0.8320333593328133,45381,35278,0.7773737907935039,10103,100002,valueRequiresStatement,existing_sample,100002,overall,V0_clean_parent_train_minocc100
96075,0.96075,37766,37723,0.9988614097336228,43,100000,valueType,existing_sample,100000,overall,V0_clean_parent_train_minocc100
14187,0.9399721725303121,11585,11528,0.9950798446266724,57,15093,conflictWith,existing_sample,15093,test,V0_clean_parent_train_minocc100
33226,0.970612292591727,34075,33069,0.970476889214967,1006,34232,distinct,existing_sample,34232,test,V0_clean_parent_train_minocc100
10381,0.9807274444969296,9389,9387,0.999786984769411,2,10585,inverse,existing_sample,10585,test,V0_clean_parent_train_minocc100
8165,0.5443333333333333,12504,7374,0.5897312859884837,5130,15000,itemRequiresStatement,existing_sample,15000,test,V0_clean_parent_train_minocc100
1014,0.9863813229571985,218,214,0.981651376146789,4,1028,oneOf,existing_sample,1028,test,V0_clean_parent_train_minocc100
128141,0.8941151022914399,99272,91557,0.9222842291884922,7715,143316,overall,existing_sample,143316,test,V0_clean_parent_train_minocc100
15615,0.8695289007684598,7897,7892,0.9993668481701912,5,17958,single,existing_sample,17958,test,V0_clean_parent_train_minocc100
4354,0.9859601449275363,1495,1493,0.9986622073578595,2,4416,symmetric,existing_sample,4416,test,V0_clean_parent_train_minocc100
14293,0.9527396347153713,9616,9598,0.9981281198003328,18,15002,type,existing_sample,15002,test,V0_clean_parent_train_minocc100
12499,0.8331000466573352,6791,5306,0.7813282285377706,1485,15003,valueRequiresStatement,existing_sample,15003,test,V0_clean_parent_train_minocc100
14407,0.9605307020468031,5702,5696,0.9989477376359173,6,14999,valueType,existing_sample,14999,test,V0_clean_parent_train_minocc100
66210,0.9401223962400784,53662,53419,0.9954716559203906,243,70427,conflictWith,existing_sample,70427,train,V0_clean_parent_train_minocc100
155110,0.9709971641949882,159043,154418,0.9709198141383147,4625,159743,distinct,existing_sample,159743,train,V0_clean_parent_train_minocc100
48187,0.978277199179812,43798,43798,1.0,0,49257,inverse,existing_sample,49257,train,V0_clean_parent_train_minocc100
38643,0.5520349709289867,58233,34640,0.5948517163807463,23593,70001,itemRequiresStatement,existing_sample,70001,train,V0_clean_parent_train_minocc100
4765,0.9931221342225928,1112,1112,1.0,0,4798,oneOf,existing_sample,4798,train,V0_clean_parent_train_minocc100
598857,0.8954482721496937,462849,427174,0.9229230267322605,35675,668779,overall,existing_sample,668779,train,V0_clean_parent_train_minocc100
73185,0.8732564105623635,36850,36847,0.9999185888738128,3,83807,single,existing_sample,83807,train,V0_clean_parent_train_minocc100
20431,0.9848638226078573,7098,7098,1.0,0,20745,symmetric,existing_sample,20745,train,V0_clean_parent_train_minocc100
66795,0.9542142857142857,44965,44890,0.9983320360280218,75,70000,type,existing_sample,70000,train,V0_clean_parent_train_minocc100
58264,0.8323428571428572,31762,24655,0.776242050248725,7107,70000,valueRequiresStatement,existing_sample,70000,train,V0_clean_parent_train_minocc100
67267,0.9609434150940701,26326,26297,0.9988984274101649,29,70001,valueType,existing_sample,70001,train,V0_clean_parent_train_minocc100
14202,0.9410283593957063,11536,11489,0.9959257975034674,47,15092,conflictWith,existing_sample,15092,val,V0_clean_parent_train_minocc100
33273,0.9719568837087021,34091,33133,0.9718987416033558,958,34233,distinct,existing_sample,34233,val,V0_clean_parent_train_minocc100
10287,0.9779446715467249,9371,9369,0.9997865756055917,2,10519,inverse,existing_sample,10519,val,V0_clean_parent_train_minocc100
8265,0.5510734764635284,12501,7419,0.5934725221982241,5082,14998,itemRequiresStatement,existing_sample,14998,val,V0_clean_parent_train_minocc100
1011,0.9825072886297376,234,226,0.9658119658119658,8,1029,oneOf,existing_sample,1029,val,V0_clean_parent_train_minocc100
128322,0.8954155327611472,99474,91833,0.9231859581398154,7641,143310,overall,existing_sample,143310,val,V0_clean_parent_train_minocc100
15688,0.8735939414188663,8019,8016,0.9996258885147774,3,17958,single,existing_sample,17958,val,V0_clean_parent_train_minocc100
4419,0.9861638027226065,1541,1541,1.0,0,4481,symmetric,existing_sample,4481,val,V0_clean_parent_train_minocc100
14334,0.9555362975801613,9615,9593,0.9977119084763391,22,15001,type,existing_sample,15001,val,V0_clean_parent_train_minocc100
12442,0.8295219681312087,6828,5317,0.778705330990041,1511,14999,valueRequiresStatement,existing_sample,14999,val,V0_clean_parent_train_minocc100
14401,0.9600666666666666,5738,5730,0.9986057859881492,8,15000,valueType,existing_sample,15000,val,V0_clean_parent_train_minocc100
189271,0.9405938625916263,153675,152990,0.9955425410769481,685,201225,conflictWith,parent_pool,201225,overall,V0_clean_parent_train_minocc100
443201,0.9710610439320873,454400,441215,0.9709837147887324,13185,456409,distinct,parent_pool,456409,overall,V0_clean_parent_train_minocc100
137350,0.9786318392008493,124787,124782,0.9999599317236572,5,140349,inverse,parent_pool,140349,overall,V0_clean_parent_train_minocc100
109973,0.549865,166379,98630,0.5928031782857212,67749,200000,itemRequiresStatement,parent_pool,200000,overall,V0_clean_parent_train_minocc100
13572,0.9900065650302721,3016,2983,0.9890583554376657,33,13709,oneOf,parent_pool,13709,overall,V0_clean_parent_train_minocc100
1710505,0.8951802235091799,1323129,1220925,0.9227558310640912,102204,1910794,overall,parent_pool,1910794,overall,V0_clean_parent_train_minocc100
208936,0.8725808741845761,105434,105412,0.9997913386573591,22,239446,single,parent_pool,239446,overall,V0_clean_parent_train_minocc100
58753,0.984929256353517,20527,20525,0.9999025673503191,2,59652,symmetric,parent_pool,59652,overall,V0_clean_parent_train_minocc100
190735,0.9536654633453665,128443,128185,0.9979913268920845,258,200002,type,parent_pool,200002,overall,V0_clean_parent_train_minocc100
166601,0.833000834995825,91155,70969,0.778553014096868,20186,200001,valueRequiresStatement,parent_pool,200001,overall,V0_clean_parent_train_minocc100
192113,0.960560197199014,75313,75234,0.9989510443084195,79,200001,valueType,parent_pool,200001,overall,V0_clean_parent_train_minocc100
28431,0.9419228730453221,23229,23125,0.9955228378320203,104,30184,conflictWith,parent_pool,30184,test,V0_clean_parent_train_minocc100
66466,0.9708451403698402,68161,66166,0.9707310632179692,1995,68462,distinct,parent_pool,68462,test,V0_clean_parent_train_minocc100
20700,0.9806243782272964,18777,18774,0.999840230068701,3,21109,inverse,parent_pool,21109,test,V0_clean_parent_train_minocc100
16327,0.5442514750491683,24994,14710,0.588541249899976,10284,29999,itemRequiresStatement,parent_pool,29999,test,V0_clean_parent_train_minocc100
2015,0.9800583657587548,445,428,0.9617977528089887,17,2056,oneOf,parent_pool,2056,test,V0_clean_parent_train_minocc100
256417,0.8946235433675249,198725,183293,0.922344949050195,15432,286620,overall,parent_pool,286620,test,V0_clean_parent_train_minocc100
31275,0.870757579976056,15807,15797,0.9993673688872019,10,35917,single,parent_pool,35917,test,V0_clean_parent_train_minocc100
8769,0.9862782589135081,3021,3019,0.9993379675604105,2,8891,symmetric,parent_pool,8891,test,V0_clean_parent_train_minocc100
28589,0.9529349021699277,19270,19227,0.9977685521536066,43,30001,type,parent_pool,30001,test,V0_clean_parent_train_minocc100
25036,0.8345055164827839,13584,10623,0.7820229681978799,2961,30001,valueRequiresStatement,parent_pool,30001,test,V0_clean_parent_train_minocc100
28809,0.9603,11437,11424,0.9988633382880125,13,30000,valueType,parent_pool,30000,test,V0_clean_parent_train_minocc100
132465,0.940421846269621,107433,106965,0.9956437965988104,468,140857,conflictWith,parent_pool,140857,train,V0_clean_parent_train_minocc100
310262,0.9711286253544756,318086,308880,0.9710581415089001,9206,319486,distinct,parent_pool,319486,train,V0_clean_parent_train_minocc100
96083,0.9781929244082463,87319,87319,1.0,0,98225,inverse,parent_pool,98225,train,V0_clean_parent_train_minocc100
77228,0.551624631252634,116381,69177,0.5944011479537038,47204,140001,itemRequiresStatement,parent_pool,140001,train,V0_clean_parent_train_minocc100
9532,0.9933305543976657,2123,2123,1.0,0,9596,oneOf,parent_pool,9596,train,V0_clean_parent_train_minocc100
1197671,0.8954181323384833,925727,854411,0.9229621691924293,71316,1337555,overall,parent_pool,1337555,train,V0_clean_parent_train_minocc100
146370,0.873266830537193,73703,73699,0.9999457281250425,4,167612,single,parent_pool,167612,train,V0_clean_parent_train_minocc100
41131,0.9845605132133283,14428,14428,1.0,0,41776,symmetric,parent_pool,41776,train,V0_clean_parent_train_minocc100
133493,0.9535146177527304,89913,89740,0.9980759178316817,173,140001,type,parent_pool,140001,train,V0_clean_parent_train_minocc100
116604,0.8328857142857143,63808,49599,0.7773163239719157,14209,140000,valueRequiresStatement,parent_pool,140000,train,V0_clean_parent_train_minocc100
134503,0.9607288519367719,52533,52481,0.9990101460034645,52,140001,valueType,parent_pool,140001,train,V0_clean_parent_train_minocc100
28375,0.9400675854757488,23013,22900,0.9950897318906705,113,30184,conflictWith,parent_pool,30184,val,V0_clean_parent_train_minocc100
66473,0.9709615693606579,68153,66169,0.970889029096298,1984,68461,distinct,parent_pool,68461,val,V0_clean_parent_train_minocc100
20567,0.97868189388532,18691,18689,0.9998929966293938,2,21015,inverse,parent_pool,21015,val,V0_clean_parent_train_minocc100
16418,0.5472666666666667,25004,14743,0.5896256598944168,10261,30000,itemRequiresStatement,parent_pool,30000,val,V0_clean_parent_train_minocc100
2025,0.9844433641225085,448,432,0.9642857142857143,16,2057,oneOf,parent_pool,2057,val,V0_clean_parent_train_minocc100
256417,0.894626664666334,198677,183221,0.9222053886458926,15456,286619,overall,parent_pool,286619,val,V0_clean_parent_train_minocc100
31291,0.8712030514798007,15924,15916,0.9994976136649083,8,35917,single,parent_pool,35917,val,V0_clean_parent_train_minocc100
8853,0.9853088480801335,3078,3078,1.0,0,8985,symmetric,parent_pool,8985,val,V0_clean_parent_train_minocc100
28653,0.9551,19260,19218,0.9978193146417446,42,30000,type,parent_pool,30000,val,V0_clean_parent_train_minocc100
24961,0.8320333333333333,13763,10747,0.7808617307273124,3016,30000,valueRequiresStatement,parent_pool,30000,val,V0_clean_parent_train_minocc100
28801,0.9600333333333333,11343,11329,0.9987657586176496,14,30000,valueType,parent_pool,30000,val,V0_clean_parent_train_minocc100
94672,0.9409519644578732,76892,76554,0.995604224106539,338,100613,conflictWith,previously_discarded,100613,overall,V0_clean_parent_train_minocc100
221592,0.9710386895762946,227191,220595,0.9709671597906607,6596,228201,distinct,previously_discarded,228201,overall,V0_clean_parent_train_minocc100
68495,0.9786677716179917,62229,62228,0.9999839303218756,1,69988,inverse,previously_discarded,69988,overall,V0_clean_parent_train_minocc100
54900,0.5489945100548994,83141,49197,0.5917297121757015,33944,100001,itemRequiresStatement,previously_discarded,100001,overall,V0_clean_parent_train_minocc100
6782,0.9894951852932594,1452,1431,0.9855371900826446,21,6854,oneOf,previously_discarded,6854,overall,V0_clean_parent_train_minocc100
855185,0.8951170674981604,661534,610361,0.9226449434193859,51173,955389,overall,previously_discarded,955389,overall,V0_clean_parent_train_minocc100
104448,0.8724138219055654,52668,52657,0.9997911445279867,11,119723,single,previously_discarded,119723,overall,V0_clean_parent_train_minocc100
29549,0.9846384538487171,10393,10393,1.0,0,30010,symmetric,previously_discarded,30010,overall,V0_clean_parent_train_minocc100
95313,0.9531395313953139,64247,64104,0.99777421513845,143,99999,type,previously_discarded,99999,overall,V0_clean_parent_train_minocc100
83396,0.8339683396833968,45774,35691,0.7797221129899069,10083,99999,valueRequiresStatement,previously_discarded,99999,overall,V0_clean_parent_train_minocc100
96038,0.960370396296037,37547,37511,0.999041201693877,36,100001,valueType,previously_discarded,100001,overall,V0_clean_parent_train_minocc100
14244,0.9438738320853489,11644,11597,0.9959635863964273,47,15091,conflictWith,previously_discarded,15091,test,V0_clean_parent_train_minocc100
33240,0.9710780017528484,34086,33097,0.9709851551956815,989,34230,distinct,previously_discarded,34230,test,V0_clean_parent_train_minocc100
10319,0.9805207145572026,9388,9387,0.999893481039625,1,10524,inverse,previously_discarded,10524,test,V0_clean_parent_train_minocc100
8162,0.5441696113074205,12490,7336,0.5873498799039232,5154,14999,itemRequiresStatement,previously_discarded,14999,test,V0_clean_parent_train_minocc100
1001,0.9737354085603113,227,214,0.9427312775330396,13,1028,oneOf,previously_discarded,1028,test,V0_clean_parent_train_minocc100
128276,0.895132027019483,99453,91736,0.9224055584044725,7717,143304,overall,previously_discarded,143304,test,V0_clean_parent_train_minocc100
15660,0.8719861907678601,7910,7905,0.9993678887484198,5,17959,single,previously_discarded,17959,test,V0_clean_parent_train_minocc100
4415,0.9865921787709497,1526,1526,1.0,0,4475,symmetric,previously_discarded,4475,test,V0_clean_parent_train_minocc100
14296,0.9531302086805787,9654,9629,0.9974103998342656,25,14999,type,previously_discarded,14999,test,V0_clean_parent_train_minocc100
12537,0.8359114548606481,6793,5317,0.7827175033122332,1476,14998,valueRequiresStatement,previously_discarded,14998,test,V0_clean_parent_train_minocc100
14402,0.9600693287114193,5735,5728,0.9987794245858762,7,15001,valueType,previously_discarded,15001,test,V0_clean_parent_train_minocc100
66255,0.9407212835439444,53771,53546,0.9958155883282811,225,70430,conflictWith,previously_discarded,70430,train,V0_clean_parent_train_minocc100
155152,0.971260086513963,159043,154462,0.9711964688794854,4581,159743,distinct,previously_discarded,159743,train,V0_clean_parent_train_minocc100
47896,0.9781081522627022,43521,43521,1.0,0,48968,inverse,previously_discarded,48968,train,V0_clean_parent_train_minocc100
38585,0.5512142857142858,58148,34537,0.5939499208915182,23611,70000,itemRequiresStatement,previously_discarded,70000,train,V0_clean_parent_train_minocc100
4767,0.9935389745727387,1011,1011,1.0,0,4798,oneOf,previously_discarded,4798,train,V0_clean_parent_train_minocc100
598814,0.8953879923920715,462878,427237,0.9230013092002645,35641,668776,overall,previously_discarded,668776,train,V0_clean_parent_train_minocc100
73185,0.8732772507606945,36853,36852,0.9999728651670149,1,83805,single,previously_discarded,83805,train,V0_clean_parent_train_minocc100
20700,0.9842613285150492,7330,7330,1.0,0,21031,symmetric,previously_discarded,21031,train,V0_clean_parent_train_minocc100
66698,0.9528149597862887,44948,44850,0.9978197027676426,98,70001,type,previously_discarded,70001,train,V0_clean_parent_train_minocc100
58340,0.8334285714285714,32046,24944,0.7783810772015228,7102,70000,valueRequiresStatement,previously_discarded,70000,train,V0_clean_parent_train_minocc100
67236,0.9605142857142858,26207,26184,0.9991223718853741,23,70000,valueType,previously_discarded,70000,train,V0_clean_parent_train_minocc100
14173,0.9391068115557911,11477,11411,0.994249368301821,66,15092,conflictWith,previously_discarded,15092,val,V0_clean_parent_train_minocc100
33200,0.9699661096178567,34062,33036,0.9698784569314779,1026,34228,distinct,previously_discarded,34228,val,V0_clean_parent_train_minocc100
10280,0.979420731707317,9320,9320,1.0,0,10496,inverse,previously_discarded,10496,val,V0_clean_parent_train_minocc100
8153,0.5434608718837488,12503,7324,0.5857794129408942,5179,15002,itemRequiresStatement,previously_discarded,15002,val,V0_clean_parent_train_minocc100
1014,0.9863813229571985,214,206,0.9626168224299065,8,1028,oneOf,previously_discarded,1028,val,V0_clean_parent_train_minocc100
128095,0.8938377910668556,99203,91388,0.9212221404594619,7815,143309,overall,previously_discarded,143309,val,V0_clean_parent_train_minocc100
15603,0.8688122946711955,7905,7900,0.9993674889310563,5,17959,single,previously_discarded,17959,val,V0_clean_parent_train_minocc100
4434,0.9844582593250444,1537,1537,1.0,0,4504,symmetric,previously_discarded,4504,val,V0_clean_parent_train_minocc100
14319,0.9546636442429496,9645,9625,0.997926386728875,20,14999,type,previously_discarded,14999,val,V0_clean_parent_train_minocc100
12519,0.834544363709086,6935,5430,0.7829848594087959,1505,15001,valueRequiresStatement,previously_discarded,15001,val,V0_clean_parent_train_minocc100
14400,0.96,5605,5599,0.9989295272078501,6,15000,valueType,previously_discarded,15000,val,V0_clean_parent_train_minocc100
93950,0.9337852343656821,76783,76428,0.9953765807535522,355,100612,conflictWith,existing_sample,100612,overall,V1_verified_train_minocc100
221609,0.9710833976021874,227209,220620,0.9710002684752804,6589,228208,distinct,existing_sample,228208,overall,V1_verified_train_minocc100
68826,0.9781839371242592,62558,62554,0.9999360593369353,4,70361,inverse,existing_sample,70361,overall,V1_verified_train_minocc100
53944,0.5394453944539446,83238,49365,0.5930584588769552,33873,99999,itemRequiresStatement,existing_sample,99999,overall,V1_verified_train_minocc100
5781,0.8433260393873085,1564,1550,0.9910485933503836,14,6855,oneOf,existing_sample,6855,overall,V1_verified_train_minocc100
813803,0.8517885085382638,661595,610449,0.9226928861312435,51146,955405,overall,existing_sample,955405,overall,V1_verified_train_minocc100
102709,0.8578886262455836,52766,52754,0.9997725808285638,12,119723,single,existing_sample,119723,overall,V1_verified_train_minocc100
29176,0.9842790634909925,10134,10132,0.9998026445628577,2,29642,symmetric,existing_sample,29642,overall,V1_verified_train_minocc100
94514,0.9451116466506004,64196,64065,0.9979593744158515,131,100003,type,existing_sample,100003,overall,V1_verified_train_minocc100
61323,0.6132177356452871,45381,35263,0.7770432559881889,10118,100002,valueRequiresStatement,existing_sample,100002,overall,V1_verified_train_minocc100
81971,0.81971,37766,37718,0.9987290155166022,48,100000,valueType,existing_sample,100000,overall,V1_verified_train_minocc100
14100,0.934207910952097,11585,11524,0.9947345705653863,61,15093,conflictWith,existing_sample,15093,test,V1_verified_train_minocc100
33226,0.970612292591727,34075,33069,0.970476889214967,1006,34232,distinct,existing_sample,34232,test,V1_verified_train_minocc100
10379,0.9805384978743505,9389,9387,0.999786984769411,2,10585,inverse,existing_sample,10585,test,V1_verified_train_minocc100
7992,0.5328,12504,7338,0.586852207293666,5166,15000,itemRequiresStatement,existing_sample,15000,test,V1_verified_train_minocc100
875,0.8511673151750972,218,213,0.9770642201834863,5,1028,oneOf,existing_sample,1028,test,V1_verified_train_minocc100
121960,0.8509866309414161,99272,91501,0.9217201224917398,7771,143316,overall,existing_sample,143316,test,V1_verified_train_minocc100
15400,0.8575565207706871,7897,7891,0.9992402178042294,6,17958,single,existing_sample,17958,test,V1_verified_train_minocc100
4353,0.985733695652174,1495,1493,0.9986622073578595,2,4416,symmetric,existing_sample,4416,test,V1_verified_train_minocc100
14166,0.9442740967870951,9616,9590,0.9972961730449251,26,15002,type,existing_sample,15002,test,V1_verified_train_minocc100
9164,0.6108111710991135,6791,5301,0.7805919599469887,1490,15003,valueRequiresStatement,existing_sample,15003,test,V1_verified_train_minocc100
12305,0.8203880258683912,5702,5695,0.9987723605752368,7,14999,valueType,existing_sample,14999,test,V1_verified_train_minocc100
65738,0.9334204211452994,53662,53419,0.9954716559203906,243,70427,conflictWith,existing_sample,70427,train,V1_verified_train_minocc100
155110,0.9709971641949882,159043,154418,0.9709198141383147,4625,159743,distinct,existing_sample,159743,train,V1_verified_train_minocc100
48162,0.977769657104574,43798,43798,1.0,0,49257,inverse,existing_sample,49257,train,V1_verified_train_minocc100
37864,0.540906558477736,58233,34640,0.5948517163807463,23593,70001,itemRequiresStatement,existing_sample,70001,train,V1_verified_train_minocc100
4045,0.8430596081700709,1112,1112,1.0,0,4798,oneOf,existing_sample,4798,train,V1_verified_train_minocc100
569548,0.8516236305266762,462849,427174,0.9229230267322605,35675,668779,overall,existing_sample,668779,train,V1_verified_train_minocc100
71861,0.8574582075482955,36850,36847,0.9999185888738128,3,83807,single,existing_sample,83807,train,V1_verified_train_minocc100
20405,0.9836105085562786,7098,7098,1.0,0,20745,symmetric,existing_sample,20745,train,V1_verified_train_minocc100
66155,0.9450714285714286,44965,44890,0.9983320360280218,75,70000,type,existing_sample,70000,train,V1_verified_train_minocc100
42889,0.6127,31762,24655,0.776242050248725,7107,70000,valueRequiresStatement,existing_sample,70000,train,V1_verified_train_minocc100
57319,0.8188311595548635,26326,26297,0.9988984274101649,29,70001,valueType,existing_sample,70001,train,V1_verified_train_minocc100
14112,0.935064935064935,11536,11485,0.9955790568654647,51,15092,conflictWith,existing_sample,15092,val,V1_verified_train_minocc100
33273,0.9719568837087021,34091,33133,0.9718987416033558,958,34233,distinct,existing_sample,34233,val,V1_verified_train_minocc100
10285,0.9777545394048864,9371,9369,0.9997865756055917,2,10519,inverse,existing_sample,10519,val,V1_verified_train_minocc100
8088,0.5392719029203894,12501,7387,0.5909127269818415,5114,14998,itemRequiresStatement,existing_sample,14998,val,V1_verified_train_minocc100
861,0.8367346938775511,234,225,0.9615384615384616,9,1029,oneOf,existing_sample,1029,val,V1_verified_train_minocc100
122295,0.8533598492777894,99474,91774,0.9225928383296138,7700,143310,overall,existing_sample,143310,val,V1_verified_train_minocc100
15448,0.8602294242120503,8019,8016,0.9996258885147774,3,17958,single,existing_sample,17958,val,V1_verified_train_minocc100
4418,0.9859406382503906,1541,1541,1.0,0,4481,symmetric,existing_sample,4481,val,V1_verified_train_minocc100
14193,0.946136924205053,9615,9585,0.9968798751950078,30,15001,type,existing_sample,15001,val,V1_verified_train_minocc100
9270,0.6180412027468498,6828,5307,0.7772407732864675,1521,14999,valueRequiresStatement,existing_sample,14999,val,V1_verified_train_minocc100
12347,0.8231333333333334,5738,5726,0.9979086789822238,12,15000,valueType,existing_sample,15000,val,V1_verified_train_minocc100
187919,0.9338750155298795,153675,152970,0.9954123962908736,705,201225,conflictWith,parent_pool,201225,overall,V1_verified_train_minocc100
443200,0.9710588529148199,454400,441214,0.9709815140845071,13186,456409,distinct,parent_pool,456409,overall,V1_verified_train_minocc100
137276,0.9781045821487863,124787,124782,0.9999599317236572,5,140349,inverse,parent_pool,140349,overall,V1_verified_train_minocc100
107788,0.53894,166379,98502,0.592033850425835,67877,200000,itemRequiresStatement,parent_pool,200000,overall,V1_verified_train_minocc100
11512,0.8397403165803486,3016,2979,0.9877320954907162,37,13709,oneOf,parent_pool,13709,overall,V1_verified_train_minocc100
1627468,0.85172341968836,1323129,1220706,0.9225903143230932,102423,1910794,overall,parent_pool,1910794,overall,V1_verified_train_minocc100
205411,0.8578593920967567,105434,105410,0.9997723694443917,24,239446,single,parent_pool,239446,overall,V1_verified_train_minocc100
58693,0.9839234225172668,20527,20525,0.9999025673503191,2,59652,symmetric,parent_pool,59652,overall,V1_verified_train_minocc100
188903,0.9445055549444505,128443,128153,0.9977421891422654,290,200002,type,parent_pool,200002,overall,V1_verified_train_minocc100
122907,0.6145319273403633,91155,70949,0.7783336075914651,20206,200001,valueRequiresStatement,parent_pool,200001,overall,V1_verified_train_minocc100
163859,0.8192909035454823,75313,75222,0.9987917092666605,91,200001,valueType,parent_pool,200001,overall,V1_verified_train_minocc100
28236,0.9354624966869864,23229,23115,0.9950923414697146,114,30184,conflictWith,parent_pool,30184,test,V1_verified_train_minocc100
66466,0.9708451403698402,68161,66166,0.9707310632179692,1995,68462,distinct,parent_pool,68462,test,V1_verified_train_minocc100
20697,0.980482258752191,18777,18774,0.999840230068701,3,21109,inverse,parent_pool,21109,test,V1_verified_train_minocc100
15973,0.5324510817027234,24994,14640,0.5857405777386573,10354,29999,itemRequiresStatement,parent_pool,29999,test,V1_verified_train_minocc100
1721,0.8370622568093385,445,426,0.9573033707865168,19,2056,oneOf,parent_pool,2056,test,V1_verified_train_minocc100
244117,0.8517095806294048,198725,183181,0.9217813561454271,15544,286620,overall,parent_pool,286620,test,V1_verified_train_minocc100
30820,0.8580894840883148,15807,15795,0.9992408426646422,12,35917,single,parent_pool,35917,test,V1_verified_train_minocc100
8764,0.985715892475537,3021,3019,0.9993379675604105,2,8891,symmetric,parent_pool,8891,test,V1_verified_train_minocc100
28331,0.9443351888270392,19270,19212,0.9969901401141671,58,30001,type,parent_pool,30001,test,V1_verified_train_minocc100
18472,0.6157128095730142,13584,10614,0.7813604240282686,2970,30001,valueRequiresStatement,parent_pool,30001,test,V1_verified_train_minocc100
24637,0.8212333333333334,11437,11420,0.9985135962227857,17,30000,valueType,parent_pool,30000,test,V1_verified_train_minocc100
131492,0.9335141313530744,107433,106965,0.9956437965988104,468,140857,conflictWith,parent_pool,140857,train,V1_verified_train_minocc100
310262,0.9711286253544756,318086,308880,0.9710581415089001,9206,319486,distinct,parent_pool,319486,train,V1_verified_train_minocc100
96018,0.9775311784169,87319,87319,1.0,0,98225,inverse,parent_pool,98225,train,V1_verified_train_minocc100
75727,0.540903279262291,116381,69177,0.5944011479537038,47204,140001,itemRequiresStatement,parent_pool,140001,train,V1_verified_train_minocc100
8079,0.8419132972071697,2123,2123,1.0,0,9596,oneOf,parent_pool,9596,train,V1_verified_train_minocc100
1139163,0.8516756320300848,925727,854411,0.9229621691924293,71316,1337555,overall,parent_pool,1337555,train,V1_verified_train_minocc100
143768,0.8577428823711906,73703,73699,0.9999457281250425,4,167612,single,parent_pool,167612,train,V1_verified_train_minocc100
41083,0.983411528150134,14428,14428,1.0,0,41776,symmetric,parent_pool,41776,train,V1_verified_train_minocc100
132185,0.9441718273440904,89913,89740,0.9980759178316817,173,140001,type,parent_pool,140001,train,V1_verified_train_minocc100
85917,0.6136928571428572,63808,49599,0.7773163239719157,14209,140000,valueRequiresStatement,parent_pool,140000,train,V1_verified_train_minocc100
114632,0.8187941514703466,52533,52481,0.9990101460034645,52,140001,valueType,parent_pool,140001,train,V1_verified_train_minocc100
28191,0.9339716406042937,23013,22890,0.9946551948898449,123,30184,conflictWith,parent_pool,30184,val,V1_verified_train_minocc100
66472,0.9709469625041994,68153,66168,0.970874356227899,1985,68461,distinct,parent_pool,68461,val,V1_verified_train_minocc100
20561,0.9783963835355698,18691,18689,0.9998929966293938,2,21015,inverse,parent_pool,21015,val,V1_verified_train_minocc100
16088,0.5362666666666667,25004,14685,0.5873060310350344,10319,30000,itemRequiresStatement,parent_pool,30000,val,V1_verified_train_minocc100
1712,0.8322800194457949,448,430,0.9598214285714286,18,2057,oneOf,parent_pool,2057,val,V1_verified_train_minocc100
244188,0.8519602678119734,198677,183114,0.9216668260543496,15563,286619,overall,parent_pool,286619,val,V1_verified_train_minocc100
30823,0.8581730099952669,15924,15916,0.9994976136649083,8,35917,single,parent_pool,35917,val,V1_verified_train_minocc100
8846,0.9845297718419588,3078,3078,1.0,0,8985,symmetric,parent_pool,8985,val,V1_verified_train_minocc100
28387,0.9462333333333334,19260,19201,0.9969366562824507,59,30000,type,parent_pool,30000,val,V1_verified_train_minocc100
18518,0.6172666666666666,13763,10736,0.7800624863765168,3027,30000,valueRequiresStatement,parent_pool,30000,val,V1_verified_train_minocc100
24590,0.8196666666666667,11343,11321,0.9980604778277352,22,30000,valueType,parent_pool,30000,val,V1_verified_train_minocc100
93969,0.9339647958017354,76892,76542,0.995448161057067,350,100613,conflictWith,previously_discarded,100613,overall,V1_verified_train_minocc100
221591,0.971034307474551,227191,220594,0.9709627582078515,6597,228201,distinct,previously_discarded,228201,overall,V1_verified_train_minocc100
68450,0.9780248042521575,62229,62228,0.9999839303218756,1,69988,inverse,previously_discarded,69988,overall,V1_verified_train_minocc100
53844,0.5384346156538434,83141,49137,0.591008046571487,34004,100001,itemRequiresStatement,previously_discarded,100001,overall,V1_verified_train_minocc100
5731,0.8361540706156989,1452,1429,0.9841597796143251,23,6854,oneOf,previously_discarded,6854,overall,V1_verified_train_minocc100
813665,0.8516583297484062,661534,610257,0.9224877330568043,51277,955389,overall,previously_discarded,955389,overall,V1_verified_train_minocc100
102702,0.8578301579479298,52668,52656,0.9997721576668945,12,119723,single,previously_discarded,119723,overall,V1_verified_train_minocc100
29517,0.983572142619127,10393,10393,1.0,0,30010,symmetric,previously_discarded,30010,overall,V1_verified_train_minocc100
94389,0.94389943899439,64247,64088,0.9975251762728221,159,99999,type,previously_discarded,99999,overall,V1_verified_train_minocc100
61584,0.6158461584615846,45774,35686,0.7796128806746188,10088,99999,valueRequiresStatement,previously_discarded,99999,overall,V1_verified_train_minocc100
81888,0.8188718112818871,37547,37504,0.9988547686899086,43,100001,valueType,previously_discarded,100001,overall,V1_verified_train_minocc100
14136,0.9367172486912729,11644,11591,0.9954482995534181,53,15091,conflictWith,previously_discarded,15091,test,V1_verified_train_minocc100
33240,0.9710780017528484,34086,33097,0.9709851551956815,989,34230,distinct,previously_discarded,34230,test,V1_verified_train_minocc100
10318,0.9804256936526036,9388,9387,0.999893481039625,1,10524,inverse,previously_discarded,10524,test,V1_verified_train_minocc100
7981,0.5321021401426762,12490,7302,0.5846277021617294,5188,14999,itemRequiresStatement,previously_discarded,14999,test,V1_verified_train_minocc100
846,0.8229571984435797,227,213,0.9383259911894273,14,1028,oneOf,previously_discarded,1028,test,V1_verified_train_minocc100
122157,0.852432590855803,99453,91680,0.9218424783566107,7773,143304,overall,previously_discarded,143304,test,V1_verified_train_minocc100
15420,0.8586224177292723,7910,7904,0.9992414664981036,6,17959,single,previously_discarded,17959,test,V1_verified_train_minocc100
4411,0.9856983240223464,1526,1526,1.0,0,4475,symmetric,previously_discarded,4475,test,V1_verified_train_minocc100
14165,0.9443962930862058,9654,9622,0.9966853117878599,32,14999,type,previously_discarded,14999,test,V1_verified_train_minocc100
9308,0.6206160821442859,6793,5313,0.7821286618577948,1480,14998,valueRequiresStatement,previously_discarded,14998,test,V1_verified_train_minocc100
12332,0.8220785280981268,5735,5725,0.998256320836966,10,15001,valueType,previously_discarded,15001,test,V1_verified_train_minocc100
65754,0.9336078375692176,53771,53546,0.9958155883282811,225,70430,conflictWith,previously_discarded,70430,train,V1_verified_train_minocc100
155152,0.971260086513963,159043,154462,0.9711964688794854,4581,159743,distinct,previously_discarded,159743,train,V1_verified_train_minocc100
47856,0.9772912922725044,43521,43521,1.0,0,48968,inverse,previously_discarded,48968,train,V1_verified_train_minocc100
37863,0.5409,58148,34537,0.5939499208915182,23611,70000,itemRequiresStatement,previously_discarded,70000,train,V1_verified_train_minocc100
4034,0.8407669862442685,1011,1011,1.0,0,4798,oneOf,previously_discarded,4798,train,V1_verified_train_minocc100
569615,0.851727633766762,462878,427237,0.9230013092002645,35641,668776,overall,previously_discarded,668776,train,V1_verified_train_minocc100
71907,0.8580275639878289,36853,36852,0.9999728651670149,1,83805,single,previously_discarded,83805,train,V1_verified_train_minocc100
20678,0.9832152536731492,7330,7330,1.0,0,21031,symmetric,previously_discarded,21031,train,V1_verified_train_minocc100
66030,0.9432722389680147,44948,44850,0.9978197027676426,98,70001,type,previously_discarded,70001,train,V1_verified_train_minocc100
43028,0.6146857142857143,32046,24944,0.7783810772015228,7102,70000,valueRequiresStatement,previously_discarded,70000,train,V1_verified_train_minocc100
57313,0.8187571428571429,26207,26184,0.9991223718853741,23,70000,valueType,previously_discarded,70000,train,V1_verified_train_minocc100
14079,0.9328783461436523,11477,11405,0.9937265836019866,72,15092,conflictWith,previously_discarded,15092,val,V1_verified_train_minocc100
33199,0.9699368937711815,34062,33035,0.9698490987023662,1027,34228,distinct,previously_discarded,34228,val,V1_verified_train_minocc100
10276,0.9790396341463414,9320,9320,1.0,0,10496,inverse,previously_discarded,10496,val,V1_verified_train_minocc100
8000,0.5332622317024397,12503,7298,0.5836999120211149,5205,15002,itemRequiresStatement,previously_discarded,15002,val,V1_verified_train_minocc100
851,0.8278210116731517,214,205,0.9579439252336449,9,1028,oneOf,previously_discarded,1028,val,V1_verified_train_minocc100
121893,0.8505606765799776,99203,91340,0.920738284124472,7863,143309,overall,previously_discarded,143309,val,V1_verified_train_minocc100
15375,0.856116710284537,7905,7900,0.9993674889310563,5,17959,single,previously_discarded,17959,val,V1_verified_train_minocc100
4428,0.9831261101243339,1537,1537,1.0,0,4504,symmetric,previously_discarded,4504,val,V1_verified_train_minocc100
14194,0.9463297553170211,9645,9616,0.9969932607568689,29,14999,type,previously_discarded,14999,val,V1_verified_train_minocc100
9248,0.6164922338510765,6935,5429,0.7828406633020908,1506,15001,valueRequiresStatement,previously_discarded,15001,val,V1_verified_train_minocc100
12243,0.8162,5605,5595,0.9982158786797503,10,15000,valueType,previously_discarded,15000,val,V1_verified_train_minocc100
