bucket,cohort,denominator,denominator_kind,metric,section,share,slot,split,value
0,F_and_A_V1_train,3039,,class_count,concrete_class_support_by_slot,1.0,add_subject,train,3039
1,F_and_A_V1_train,3039,,class_count,concrete_class_support_by_slot,0.0,add_subject,train,0
2-4,F_and_A_V1_train,3039,,class_count,concrete_class_support_by_slot,0.0,add_subject,train,0
5-9,F_and_A_V1_train,3039,,class_count,concrete_class_support_by_slot,0.0,add_subject,train,0
10-49,F_and_A_V1_train,3039,,class_count,concrete_class_support_by_slot,0.0,add_subject,train,0
50-99,F_and_A_V1_train,3039,,class_count,concrete_class_support_by_slot,0.0,add_subject,train,0
>=100,F_and_A_V1_train,3039,,class_count,concrete_class_support_by_slot,0.0,add_subject,train,0
nonzero_classes,F_and_A_V1_train,0,,min,concrete_class_nonzero_support_statistics,,add_subject,train,
nonzero_classes,F_and_A_V1_train,0,,p10,concrete_class_nonzero_support_statistics,,add_subject,train,
nonzero_classes,F_and_A_V1_train,0,,p25,concrete_class_nonzero_support_statistics,,add_subject,train,
nonzero_classes,F_and_A_V1_train,0,,median,concrete_class_nonzero_support_statistics,,add_subject,train,
nonzero_classes,F_and_A_V1_train,0,,p75,concrete_class_nonzero_support_statistics,,add_subject,train,
nonzero_classes,F_and_A_V1_train,0,,p90,concrete_class_nonzero_support_statistics,,add_subject,train,
nonzero_classes,F_and_A_V1_train,0,,p95,concrete_class_nonzero_support_statistics,,add_subject,train,
nonzero_classes,F_and_A_V1_train,0,,max,concrete_class_nonzero_support_statistics,,add_subject,train,
0,F_and_A_V1_train,479,,class_count,concrete_class_support_by_slot,0.10438413361169102,add_predicate,train,50
1,F_and_A_V1_train,479,,class_count,concrete_class_support_by_slot,0.3089770354906054,add_predicate,train,148
2-4,F_and_A_V1_train,479,,class_count,concrete_class_support_by_slot,0.19832985386221294,add_predicate,train,95
5-9,F_and_A_V1_train,479,,class_count,concrete_class_support_by_slot,0.09603340292275574,add_predicate,train,46
10-49,F_and_A_V1_train,479,,class_count,concrete_class_support_by_slot,0.14613778705636743,add_predicate,train,70
50-99,F_and_A_V1_train,479,,class_count,concrete_class_support_by_slot,0.03549060542797495,add_predicate,train,17
>=100,F_and_A_V1_train,479,,class_count,concrete_class_support_by_slot,0.11064718162839249,add_predicate,train,53
nonzero_classes,F_and_A_V1_train,429,,min,concrete_class_nonzero_support_statistics,,add_predicate,train,1
nonzero_classes,F_and_A_V1_train,429,,p10,concrete_class_nonzero_support_statistics,,add_predicate,train,1
nonzero_classes,F_and_A_V1_train,429,,p25,concrete_class_nonzero_support_statistics,,add_predicate,train,1
nonzero_classes,F_and_A_V1_train,429,,median,concrete_class_nonzero_support_statistics,,add_predicate,train,3
nonzero_classes,F_and_A_V1_train,429,,p75,concrete_class_nonzero_support_statistics,,add_predicate,train,19
nonzero_classes,F_and_A_V1_train,429,,p90,concrete_class_nonzero_support_statistics,,add_predicate,train,163
nonzero_classes,F_and_A_V1_train,429,,p95,concrete_class_nonzero_support_statistics,,add_predicate,train,1498
nonzero_classes,F_and_A_V1_train,429,,max,concrete_class_nonzero_support_statistics,,add_predicate,train,157809
0,F_and_A_V1_train,3039,,class_count,concrete_class_support_by_slot,0.0,add_object,train,0
1,F_and_A_V1_train,3039,,class_count,concrete_class_support_by_slot,0.38795656465942746,add_object,train,1179
2-4,F_and_A_V1_train,3039,,class_count,concrete_class_support_by_slot,0.2592958209937479,add_object,train,788
5-9,F_and_A_V1_train,3039,,class_count,concrete_class_support_by_slot,0.1079302402105956,add_object,train,328
10-49,F_and_A_V1_train,3039,,class_count,concrete_class_support_by_slot,0.13754524514642974,add_object,train,418
50-99,F_and_A_V1_train,3039,,class_count,concrete_class_support_by_slot,0.034550839091806514,add_object,train,105
>=100,F_and_A_V1_train,3039,,class_count,concrete_class_support_by_slot,0.07272128989799276,add_object,train,221
nonzero_classes,F_and_A_V1_train,3039,,min,concrete_class_nonzero_support_statistics,,add_object,train,1
nonzero_classes,F_and_A_V1_train,3039,,p10,concrete_class_nonzero_support_statistics,,add_object,train,1
nonzero_classes,F_and_A_V1_train,3039,,p25,concrete_class_nonzero_support_statistics,,add_object,train,1
nonzero_classes,F_and_A_V1_train,3039,,median,concrete_class_nonzero_support_statistics,,add_object,train,2
nonzero_classes,F_and_A_V1_train,3039,,p75,concrete_class_nonzero_support_statistics,,add_object,train,9
nonzero_classes,F_and_A_V1_train,3039,,p90,concrete_class_nonzero_support_statistics,,add_object,train,58
nonzero_classes,F_and_A_V1_train,3039,,p95,concrete_class_nonzero_support_statistics,,add_object,train,161
nonzero_classes,F_and_A_V1_train,3039,,max,concrete_class_nonzero_support_statistics,,add_object,train,35808
0,F_and_A_V1_train,3039,,class_count,concrete_class_support_by_slot,1.0,del_subject,train,3039
1,F_and_A_V1_train,3039,,class_count,concrete_class_support_by_slot,0.0,del_subject,train,0
2-4,F_and_A_V1_train,3039,,class_count,concrete_class_support_by_slot,0.0,del_subject,train,0
5-9,F_and_A_V1_train,3039,,class_count,concrete_class_support_by_slot,0.0,del_subject,train,0
10-49,F_and_A_V1_train,3039,,class_count,concrete_class_support_by_slot,0.0,del_subject,train,0
50-99,F_and_A_V1_train,3039,,class_count,concrete_class_support_by_slot,0.0,del_subject,train,0
>=100,F_and_A_V1_train,3039,,class_count,concrete_class_support_by_slot,0.0,del_subject,train,0
nonzero_classes,F_and_A_V1_train,0,,min,concrete_class_nonzero_support_statistics,,del_subject,train,
nonzero_classes,F_and_A_V1_train,0,,p10,concrete_class_nonzero_support_statistics,,del_subject,train,
nonzero_classes,F_and_A_V1_train,0,,p25,concrete_class_nonzero_support_statistics,,del_subject,train,
nonzero_classes,F_and_A_V1_train,0,,median,concrete_class_nonzero_support_statistics,,del_subject,train,
nonzero_classes,F_and_A_V1_train,0,,p75,concrete_class_nonzero_support_statistics,,del_subject,train,
nonzero_classes,F_and_A_V1_train,0,,p90,concrete_class_nonzero_support_statistics,,del_subject,train,
nonzero_classes,F_and_A_V1_train,0,,p95,concrete_class_nonzero_support_statistics,,del_subject,train,
nonzero_classes,F_and_A_V1_train,0,,max,concrete_class_nonzero_support_statistics,,del_subject,train,
0,F_and_A_V1_train,479,,class_count,concrete_class_support_by_slot,1.0,del_predicate,train,479
1,F_and_A_V1_train,479,,class_count,concrete_class_support_by_slot,0.0,del_predicate,train,0
2-4,F_and_A_V1_train,479,,class_count,concrete_class_support_by_slot,0.0,del_predicate,train,0
5-9,F_and_A_V1_train,479,,class_count,concrete_class_support_by_slot,0.0,del_predicate,train,0
10-49,F_and_A_V1_train,479,,class_count,concrete_class_support_by_slot,0.0,del_predicate,train,0
50-99,F_and_A_V1_train,479,,class_count,concrete_class_support_by_slot,0.0,del_predicate,train,0
>=100,F_and_A_V1_train,479,,class_count,concrete_class_support_by_slot,0.0,del_predicate,train,0
nonzero_classes,F_and_A_V1_train,0,,min,concrete_class_nonzero_support_statistics,,del_predicate,train,
nonzero_classes,F_and_A_V1_train,0,,p10,concrete_class_nonzero_support_statistics,,del_predicate,train,
nonzero_classes,F_and_A_V1_train,0,,p25,concrete_class_nonzero_support_statistics,,del_predicate,train,
nonzero_classes,F_and_A_V1_train,0,,median,concrete_class_nonzero_support_statistics,,del_predicate,train,
nonzero_classes,F_and_A_V1_train,0,,p75,concrete_class_nonzero_support_statistics,,del_predicate,train,
nonzero_classes,F_and_A_V1_train,0,,p90,concrete_class_nonzero_support_statistics,,del_predicate,train,
nonzero_classes,F_and_A_V1_train,0,,p95,concrete_class_nonzero_support_statistics,,del_predicate,train,
nonzero_classes,F_and_A_V1_train,0,,max,concrete_class_nonzero_support_statistics,,del_predicate,train,
0,F_and_A_V1_train,3039,,class_count,concrete_class_support_by_slot,1.0,del_object,train,3039
1,F_and_A_V1_train,3039,,class_count,concrete_class_support_by_slot,0.0,del_object,train,0
2-4,F_and_A_V1_train,3039,,class_count,concrete_class_support_by_slot,0.0,del_object,train,0
5-9,F_and_A_V1_train,3039,,class_count,concrete_class_support_by_slot,0.0,del_object,train,0
10-49,F_and_A_V1_train,3039,,class_count,concrete_class_support_by_slot,0.0,del_object,train,0
50-99,F_and_A_V1_train,3039,,class_count,concrete_class_support_by_slot,0.0,del_object,train,0
>=100,F_and_A_V1_train,3039,,class_count,concrete_class_support_by_slot,0.0,del_object,train,0
nonzero_classes,F_and_A_V1_train,0,,min,concrete_class_nonzero_support_statistics,,del_object,train,
nonzero_classes,F_and_A_V1_train,0,,p10,concrete_class_nonzero_support_statistics,,del_object,train,
nonzero_classes,F_and_A_V1_train,0,,p25,concrete_class_nonzero_support_statistics,,del_object,train,
nonzero_classes,F_and_A_V1_train,0,,median,concrete_class_nonzero_support_statistics,,del_object,train,
nonzero_classes,F_and_A_V1_train,0,,p75,concrete_class_nonzero_support_statistics,,del_object,train,
nonzero_classes,F_and_A_V1_train,0,,p90,concrete_class_nonzero_support_statistics,,del_object,train,
nonzero_classes,F_and_A_V1_train,0,,p95,concrete_class_nonzero_support_statistics,,del_object,train,
nonzero_classes,F_and_A_V1_train,0,,max,concrete_class_nonzero_support_statistics,,del_object,train,
0,F_and_A_V1_train,3518,,class_count,unique_concrete_class_support,0.014212620807276862,all_legal_slots,train,50
1,F_and_A_V1_train,3518,,class_count,unique_concrete_class_support,0.3772029562251279,all_legal_slots,train,1327
2-4,F_and_A_V1_train,3518,,class_count,unique_concrete_class_support,0.2509948834565094,all_legal_slots,train,883
5-9,F_and_A_V1_train,3518,,class_count,unique_concrete_class_support,0.10631040363843093,all_legal_slots,train,374
10-49,F_and_A_V1_train,3518,,class_count,unique_concrete_class_support,0.13871517907902217,all_legal_slots,train,488
50-99,F_and_A_V1_train,3518,,class_count,unique_concrete_class_support,0.03467879476975554,all_legal_slots,train,122
>=100,F_and_A_V1_train,3518,,class_count,unique_concrete_class_support,0.0778851620238772,all_legal_slots,train,274
nonzero_classes,F_and_A_V1_train,3468,,min,unique_concrete_class_nonzero_support_statistics,,all_legal_slots,train,1
nonzero_classes,F_and_A_V1_train,3468,,p10,unique_concrete_class_nonzero_support_statistics,,all_legal_slots,train,1
nonzero_classes,F_and_A_V1_train,3468,,p25,unique_concrete_class_nonzero_support_statistics,,all_legal_slots,train,1
nonzero_classes,F_and_A_V1_train,3468,,median,unique_concrete_class_nonzero_support_statistics,,all_legal_slots,train,2
nonzero_classes,F_and_A_V1_train,3468,,p75,unique_concrete_class_nonzero_support_statistics,,all_legal_slots,train,10
nonzero_classes,F_and_A_V1_train,3468,,p90,unique_concrete_class_nonzero_support_statistics,,all_legal_slots,train,64
nonzero_classes,F_and_A_V1_train,3468,,p95,unique_concrete_class_nonzero_support_statistics,,all_legal_slots,train,212
nonzero_classes,F_and_A_V1_train,3468,,max,unique_concrete_class_nonzero_support_statistics,,all_legal_slots,train,157809
>=100,F,378298,,subject,heldout_role_reference_support_detail,,del_subject,test,81817
>=100,F_and_A_V1,378298,,subject,heldout_role_reference_support_detail,,del_subject,test,81148
>=100,F,61167,,other_predicate,heldout_role_reference_support_detail,,del_predicate,test,13365
>=100,F_and_A_V1,61167,,other_predicate,heldout_role_reference_support_detail,,del_predicate,test,13257
>=100,F,101126,,other_object,heldout_role_reference_support_detail,,del_object,test,21896
>=100,F_and_A_V1,101126,,other_object,heldout_role_reference_support_detail,,del_object,test,21783
>=100,F,184845,,subject,heldout_role_reference_support_detail,,add_subject,test,50526
>=100,F_and_A_V1,184845,,subject,heldout_role_reference_support_detail,,add_subject,test,39450
>=100,F,14636,,object,heldout_role_reference_support_detail,,add_object,test,3218
>=100,F_and_A_V1,14636,,object,heldout_role_reference_support_detail,,add_object,test,3191
>=100,F,443749,,predicate,heldout_role_reference_support_detail,,del_predicate,test,97122
>=100,F_and_A_V1,443749,,predicate,heldout_role_reference_support_detail,,del_predicate,test,95079
>=100,F,403567,,object,heldout_role_reference_support_detail,,del_object,test,88534
>=100,F_and_A_V1,403567,,object,heldout_role_reference_support_detail,,del_object,test,86496
>=100,F,378298,,subject,heldout_role_reference_support_detail,,del_subject,val,81619
>=100,F_and_A_V1,378298,,subject,heldout_role_reference_support_detail,,del_subject,val,80915
>=100,F,443749,,predicate,heldout_role_reference_support_detail,,del_predicate,val,97226
>=100,F_and_A_V1,443749,,predicate,heldout_role_reference_support_detail,,del_predicate,val,95204
>=100,F,403567,,object,heldout_role_reference_support_detail,,del_object,val,88610
>=100,F_and_A_V1,403567,,object,heldout_role_reference_support_detail,,del_object,val,86589
>=100,F,61167,,other_predicate,heldout_role_reference_support_detail,,del_predicate,val,13169
>=100,F_and_A_V1,61167,,other_predicate,heldout_role_reference_support_detail,,del_predicate,val,13050
>=100,F,101126,,other_object,heldout_role_reference_support_detail,,del_object,val,21733
>=100,F_and_A_V1,101126,,other_object,heldout_role_reference_support_detail,,del_object,val,21613
>=100,F,184845,,subject,heldout_role_reference_support_detail,,add_subject,val,50410
>=100,F_and_A_V1,184845,,subject,heldout_role_reference_support_detail,,add_subject,val,39330
>=100,F,8064,,other_predicate,heldout_role_reference_support_detail,,add_predicate,val,1756
>=100,F_and_A_V1,8064,,other_predicate,heldout_role_reference_support_detail,,add_predicate,val,1638
>=100,F,14636,,object,heldout_role_reference_support_detail,,add_object,val,3209
>=100,F_and_A_V1,14636,,object,heldout_role_reference_support_detail,,add_object,val,3191
>=100,F,8064,,other_predicate,heldout_role_reference_support_detail,,add_predicate,test,1777
>=100,F_and_A_V1,8064,,other_predicate,heldout_role_reference_support_detail,,add_predicate,test,1670
>=100,F,1776,,other_object,heldout_role_reference_support_detail,,add_object,test,407
>=100,F_and_A_V1,1776,,other_object,heldout_role_reference_support_detail,,add_object,test,401
>=100,F,1776,,other_object,heldout_role_reference_support_detail,,add_object,val,382
>=100,F_and_A_V1,1776,,other_object,heldout_role_reference_support_detail,,add_object,val,380
>=100,F,226,,subject,heldout_role_reference_support_detail,,del_object,val,52
>=100,F_and_A_V1,226,,subject,heldout_role_reference_support_detail,,del_object,val,52
>=100,F,226,,subject,heldout_role_reference_support_detail,,del_object,test,57
>=100,F_and_A_V1,226,,subject,heldout_role_reference_support_detail,,del_object,test,57
>=100,F,24038,,predicate,heldout_role_reference_support_detail,,add_predicate,val,7696
>=100,F_and_A_V1,24038,,predicate,heldout_role_reference_support_detail,,add_predicate,val,5108
>=100,F,24038,,predicate,heldout_role_reference_support_detail,,add_predicate,test,7703
>=100,F_and_A_V1,24038,,predicate,heldout_role_reference_support_detail,,add_predicate,test,5125
>=100,F,93825,,subject,heldout_role_reference_support_detail,,add_object,val,20143
>=100,F_and_A_V1,93825,,subject,heldout_role_reference_support_detail,,add_object,val,20143
>=100,F,126621,,other_subject,heldout_role_reference_support_detail,,del_subject,val,28776
>=100,F_and_A_V1,126621,,other_subject,heldout_role_reference_support_detail,,del_subject,val,27339
>=100,F,126621,,other_subject,heldout_role_reference_support_detail,,del_subject,test,28670
>=100,F_and_A_V1,126621,,other_subject,heldout_role_reference_support_detail,,del_subject,test,27188
>=100,F,1005,,other_subject,heldout_role_reference_support_detail,,add_subject,val,1641
>=100,F_and_A_V1,1005,,other_subject,heldout_role_reference_support_detail,,add_subject,val,204
>=100,F,1005,,other_subject,heldout_role_reference_support_detail,,add_subject,test,1693
>=100,F_and_A_V1,1005,,other_subject,heldout_role_reference_support_detail,,add_subject,test,211
>=100,F,194654,,object,heldout_role_reference_support_detail,,add_subject,test,44844
>=100,F_and_A_V1,194654,,object,heldout_role_reference_support_detail,,add_subject,test,41858
>=100,F,93825,,subject,heldout_role_reference_support_detail,,add_object,test,20093
>=100,F_and_A_V1,93825,,subject,heldout_role_reference_support_detail,,add_object,test,20093
>=100,F,194654,,object,heldout_role_reference_support_detail,,add_subject,val,44936
>=100,F_and_A_V1,194654,,object,heldout_role_reference_support_detail,,add_subject,val,41890
0,F,73345,concrete_target_components_only,component_count,heldout_target_component_training_support,0.2114663576249233,add_object,test,15510
1-9,F,73345,concrete_target_components_only,component_count,heldout_target_component_training_support,0.013797804894675848,add_object,test,1012
10-99,F,73345,concrete_target_components_only,component_count,heldout_target_component_training_support,0.04961483400368123,add_object,test,3639
>=100,F,73345,concrete_target_components_only,component_count,heldout_target_component_training_support,0.7251210034767196,add_object,test,53184
role_reference,F,97063,all_populated_target_components,component_count,heldout_target_component_training_support,0.24435675798192927,add_object,test,23718
0,F,87583,concrete_target_components_only,component_count,heldout_target_component_training_support,0.01806286608131715,add_predicate,test,1582
1-9,F,87583,concrete_target_components_only,component_count,heldout_target_component_training_support,0.013758377767374947,add_predicate,test,1205
10-99,F,87583,concrete_target_components_only,component_count,heldout_target_component_training_support,0.01400956806686229,add_predicate,test,1227
>=100,F,87583,concrete_target_components_only,component_count,heldout_target_component_training_support,0.9541691880844456,add_predicate,test,83569
role_reference,F,97063,all_populated_target_components,component_count,heldout_target_component_training_support,0.09766852456651866,add_predicate,test,9480
0,F,0,concrete_target_components_only,component_count,heldout_target_component_training_support,,add_subject,test,0
1-9,F,0,concrete_target_components_only,component_count,heldout_target_component_training_support,,add_subject,test,0
10-99,F,0,concrete_target_components_only,component_count,heldout_target_component_training_support,,add_subject,test,0
>=100,F,0,concrete_target_components_only,component_count,heldout_target_component_training_support,,add_subject,test,0
role_reference,F,97063,all_populated_target_components,component_count,heldout_target_component_training_support,1.0,add_subject,test,97063
0,F,0,concrete_target_components_only,component_count,heldout_target_component_training_support,,del_object,test,0
1-9,F,0,concrete_target_components_only,component_count,heldout_target_component_training_support,,del_object,test,0
10-99,F,0,concrete_target_components_only,component_count,heldout_target_component_training_support,,del_object,test,0
>=100,F,0,concrete_target_components_only,component_count,heldout_target_component_training_support,,del_object,test,0
role_reference,F,110487,all_populated_target_components,component_count,heldout_target_component_training_support,1.0,del_object,test,110487
0,F,0,concrete_target_components_only,component_count,heldout_target_component_training_support,,del_predicate,test,0
1-9,F,0,concrete_target_components_only,component_count,heldout_target_component_training_support,,del_predicate,test,0
10-99,F,0,concrete_target_components_only,component_count,heldout_target_component_training_support,,del_predicate,test,0
>=100,F,0,concrete_target_components_only,component_count,heldout_target_component_training_support,,del_predicate,test,0
role_reference,F,110487,all_populated_target_components,component_count,heldout_target_component_training_support,1.0,del_predicate,test,110487
0,F,0,concrete_target_components_only,component_count,heldout_target_component_training_support,,del_subject,test,0
1-9,F,0,concrete_target_components_only,component_count,heldout_target_component_training_support,,del_subject,test,0
10-99,F,0,concrete_target_components_only,component_count,heldout_target_component_training_support,,del_subject,test,0
>=100,F,0,concrete_target_components_only,component_count,heldout_target_component_training_support,,del_subject,test,0
role_reference,F,110487,all_populated_target_components,component_count,heldout_target_component_training_support,1.0,del_subject,test,110487
0,F,160928,concrete_target_components_only,component_count,heldout_target_component_training_support,0.10620898787035196,overall,test,17092
1-9,F,160928,concrete_target_components_only,component_count,heldout_target_component_training_support,0.013776347186319348,overall,test,2217
10-99,F,160928,concrete_target_components_only,component_count,heldout_target_component_training_support,0.03023712467687413,overall,test,4866
>=100,F,160928,concrete_target_components_only,component_count,heldout_target_component_training_support,0.8497775402664546,overall,test,136753
role_reference,F,622650,all_populated_target_components,component_count,heldout_target_component_training_support,0.741543403196017,overall,test,461722
0,F,73253,concrete_target_components_only,component_count,heldout_target_component_training_support,0.21218243621421648,add_object,val,15543
1-9,F,73253,concrete_target_components_only,component_count,heldout_target_component_training_support,0.013132567949435518,add_object,val,962
10-99,F,73253,concrete_target_components_only,component_count,heldout_target_component_training_support,0.04797073157413348,add_object,val,3514
>=100,F,73253,concrete_target_components_only,component_count,heldout_target_component_training_support,0.7267142642622145,add_object,val,53234
role_reference,F,96987,all_populated_target_components,component_count,heldout_target_component_training_support,0.24471320898677143,add_object,val,23734
0,F,87535,concrete_target_components_only,component_count,heldout_target_component_training_support,0.01834694693551151,add_predicate,val,1606
1-9,F,87535,concrete_target_components_only,component_count,heldout_target_component_training_support,0.01365168218426915,add_predicate,val,1195
10-99,F,87535,concrete_target_components_only,component_count,heldout_target_component_training_support,0.01483977837436454,add_predicate,val,1299
>=100,F,87535,concrete_target_components_only,component_count,heldout_target_component_training_support,0.9531615925058547,add_predicate,val,83435
role_reference,F,96987,all_populated_target_components,component_count,heldout_target_component_training_support,0.09745636013073918,add_predicate,val,9452
0,F,0,concrete_target_components_only,component_count,heldout_target_component_training_support,,add_subject,val,0
1-9,F,0,concrete_target_components_only,component_count,heldout_target_component_training_support,,add_subject,val,0
10-99,F,0,concrete_target_components_only,component_count,heldout_target_component_training_support,,add_subject,val,0
>=100,F,0,concrete_target_components_only,component_count,heldout_target_component_training_support,,add_subject,val,0
role_reference,F,96987,all_populated_target_components,component_count,heldout_target_component_training_support,1.0,add_subject,val,96987
0,F,0,concrete_target_components_only,component_count,heldout_target_component_training_support,,del_object,val,0
1-9,F,0,concrete_target_components_only,component_count,heldout_target_component_training_support,,del_object,val,0
10-99,F,0,concrete_target_components_only,component_count,heldout_target_component_training_support,,del_object,val,0
>=100,F,0,concrete_target_components_only,component_count,heldout_target_component_training_support,,del_object,val,0
role_reference,F,110395,all_populated_target_components,component_count,heldout_target_component_training_support,1.0,del_object,val,110395
0,F,0,concrete_target_components_only,component_count,heldout_target_component_training_support,,del_predicate,val,0
1-9,F,0,concrete_target_components_only,component_count,heldout_target_component_training_support,,del_predicate,val,0
10-99,F,0,concrete_target_components_only,component_count,heldout_target_component_training_support,,del_predicate,val,0
>=100,F,0,concrete_target_components_only,component_count,heldout_target_component_training_support,,del_predicate,val,0
role_reference,F,110395,all_populated_target_components,component_count,heldout_target_component_training_support,1.0,del_predicate,val,110395
0,F,0,concrete_target_components_only,component_count,heldout_target_component_training_support,,del_subject,val,0
1-9,F,0,concrete_target_components_only,component_count,heldout_target_component_training_support,,del_subject,val,0
10-99,F,0,concrete_target_components_only,component_count,heldout_target_component_training_support,,del_subject,val,0
>=100,F,0,concrete_target_components_only,component_count,heldout_target_component_training_support,,del_subject,val,0
role_reference,F,110395,all_populated_target_components,component_count,heldout_target_component_training_support,1.0,del_subject,val,110395
0,F,160788,concrete_target_components_only,component_count,heldout_target_component_training_support,0.1066559693509466,overall,val,17149
1-9,F,160788,concrete_target_components_only,component_count,heldout_target_component_training_support,0.013415180237331145,overall,val,2157
10-99,F,160788,concrete_target_components_only,component_count,heldout_target_component_training_support,0.029933825907406026,overall,val,4813
>=100,F,160788,concrete_target_components_only,component_count,heldout_target_component_training_support,0.8499950245043162,overall,val,136669
role_reference,F,622146,all_populated_target_components,component_count,heldout_target_component_training_support,0.7415590552699849,overall,val,461358
0,F_and_A_V1,57834,concrete_target_components_only,component_count,heldout_target_component_training_support,0.0,add_object,test,0
1-9,F_and_A_V1,57834,concrete_target_components_only,component_count,heldout_target_component_training_support,0.017481066500674342,add_object,test,1011
10-99,F_and_A_V1,57834,concrete_target_components_only,component_count,heldout_target_component_training_support,0.0629214648822492,add_object,test,3639
>=100,F_and_A_V1,57834,concrete_target_components_only,component_count,heldout_target_component_training_support,0.9195974686170765,add_object,test,53184
role_reference,F_and_A_V1,81519,all_populated_target_components,component_count,heldout_target_component_training_support,0.29054576233761453,add_object,test,23685
0,F_and_A_V1,74724,concrete_target_components_only,component_count,heldout_target_component_training_support,1.338258123226808e-05,add_predicate,test,1
1-9,F_and_A_V1,74724,concrete_target_components_only,component_count,heldout_target_component_training_support,0.0013650232856913442,add_predicate,test,102
10-99,F_and_A_V1,74724,concrete_target_components_only,component_count,heldout_target_component_training_support,0.007373802258979712,add_predicate,test,551
>=100,F_and_A_V1,74724,concrete_target_components_only,component_count,heldout_target_component_training_support,0.9912477918740967,add_predicate,test,74070
role_reference,F_and_A_V1,81519,all_populated_target_components,component_count,heldout_target_component_training_support,0.08335480072130423,add_predicate,test,6795
0,F_and_A_V1,0,concrete_target_components_only,component_count,heldout_target_component_training_support,,add_subject,test,0
1-9,F_and_A_V1,0,concrete_target_components_only,component_count,heldout_target_component_training_support,,add_subject,test,0
10-99,F_and_A_V1,0,concrete_target_components_only,component_count,heldout_target_component_training_support,,add_subject,test,0
>=100,F_and_A_V1,0,concrete_target_components_only,component_count,heldout_target_component_training_support,,add_subject,test,0
role_reference,F_and_A_V1,81519,all_populated_target_components,component_count,heldout_target_component_training_support,1.0,add_subject,test,81519
0,F_and_A_V1,0,concrete_target_components_only,component_count,heldout_target_component_training_support,,del_object,test,0
1-9,F_and_A_V1,0,concrete_target_components_only,component_count,heldout_target_component_training_support,,del_object,test,0
10-99,F_and_A_V1,0,concrete_target_components_only,component_count,heldout_target_component_training_support,,del_object,test,0
>=100,F_and_A_V1,0,concrete_target_components_only,component_count,heldout_target_component_training_support,,del_object,test,0
role_reference,F_and_A_V1,108336,all_populated_target_components,component_count,heldout_target_component_training_support,1.0,del_object,test,108336
0,F_and_A_V1,0,concrete_target_components_only,component_count,heldout_target_component_training_support,,del_predicate,test,0
1-9,F_and_A_V1,0,concrete_target_components_only,component_count,heldout_target_component_training_support,,del_predicate,test,0
10-99,F_and_A_V1,0,concrete_target_components_only,component_count,heldout_target_component_training_support,,del_predicate,test,0
>=100,F_and_A_V1,0,concrete_target_components_only,component_count,heldout_target_component_training_support,,del_predicate,test,0
role_reference,F_and_A_V1,108336,all_populated_target_components,component_count,heldout_target_component_training_support,1.0,del_predicate,test,108336
0,F_and_A_V1,0,concrete_target_components_only,component_count,heldout_target_component_training_support,,del_subject,test,0
1-9,F_and_A_V1,0,concrete_target_components_only,component_count,heldout_target_component_training_support,,del_subject,test,0
10-99,F_and_A_V1,0,concrete_target_components_only,component_count,heldout_target_component_training_support,,del_subject,test,0
>=100,F_and_A_V1,0,concrete_target_components_only,component_count,heldout_target_component_training_support,,del_subject,test,0
role_reference,F_and_A_V1,108336,all_populated_target_components,component_count,heldout_target_component_training_support,1.0,del_subject,test,108336
0,F_and_A_V1,132558,concrete_target_components_only,component_count,heldout_target_component_training_support,7.543867590036059e-06,overall,test,1
1-9,F_and_A_V1,132558,concrete_target_components_only,component_count,heldout_target_component_training_support,0.008396324627710134,overall,test,1113
10-99,F_and_A_V1,132558,concrete_target_components_only,component_count,heldout_target_component_training_support,0.03160880520225109,overall,test,4190
>=100,F_and_A_V1,132558,concrete_target_components_only,component_count,heldout_target_component_training_support,0.9599873263024488,overall,test,127254
role_reference,F_and_A_V1,569565,all_populated_target_components,component_count,heldout_target_component_training_support,0.7672644913223249,overall,test,437007
0,F_and_A_V1,57710,concrete_target_components_only,component_count,heldout_target_component_training_support,0.0,add_object,val,0
1-9,F_and_A_V1,57710,concrete_target_components_only,component_count,heldout_target_component_training_support,0.01666955466990123,add_object,val,962
10-99,F_and_A_V1,57710,concrete_target_components_only,component_count,heldout_target_component_training_support,0.06089066019753942,add_object,val,3514
>=100,F_and_A_V1,57710,concrete_target_components_only,component_count,heldout_target_component_training_support,0.9224397851325593,add_object,val,53234
role_reference,F_and_A_V1,81424,all_populated_target_components,component_count,heldout_target_component_training_support,0.29124091177048533,add_object,val,23714
0,F_and_A_V1,74678,concrete_target_components_only,component_count,heldout_target_component_training_support,2.6781649213958597e-05,add_predicate,val,2
1-9,F_and_A_V1,74678,concrete_target_components_only,component_count,heldout_target_component_training_support,0.0016068989528375158,add_predicate,val,120
10-99,F_and_A_V1,74678,concrete_target_components_only,component_count,heldout_target_component_training_support,0.007847023219689869,add_predicate,val,586
>=100,F_and_A_V1,74678,concrete_target_components_only,component_count,heldout_target_component_training_support,0.9905192961782586,add_predicate,val,73970
role_reference,F_and_A_V1,81424,all_populated_target_components,component_count,heldout_target_component_training_support,0.0828502652780507,add_predicate,val,6746
0,F_and_A_V1,0,concrete_target_components_only,component_count,heldout_target_component_training_support,,add_subject,val,0
1-9,F_and_A_V1,0,concrete_target_components_only,component_count,heldout_target_component_training_support,,add_subject,val,0
10-99,F_and_A_V1,0,concrete_target_components_only,component_count,heldout_target_component_training_support,,add_subject,val,0
>=100,F_and_A_V1,0,concrete_target_components_only,component_count,heldout_target_component_training_support,,add_subject,val,0
role_reference,F_and_A_V1,81424,all_populated_target_components,component_count,heldout_target_component_training_support,1.0,add_subject,val,81424
0,F_and_A_V1,0,concrete_target_components_only,component_count,heldout_target_component_training_support,,del_object,val,0
1-9,F_and_A_V1,0,concrete_target_components_only,component_count,heldout_target_component_training_support,,del_object,val,0
10-99,F_and_A_V1,0,concrete_target_components_only,component_count,heldout_target_component_training_support,,del_object,val,0
>=100,F_and_A_V1,0,concrete_target_components_only,component_count,heldout_target_component_training_support,,del_object,val,0
role_reference,F_and_A_V1,108254,all_populated_target_components,component_count,heldout_target_component_training_support,1.0,del_object,val,108254
0,F_and_A_V1,0,concrete_target_components_only,component_count,heldout_target_component_training_support,,del_predicate,val,0
1-9,F_and_A_V1,0,concrete_target_components_only,component_count,heldout_target_component_training_support,,del_predicate,val,0
10-99,F_and_A_V1,0,concrete_target_components_only,component_count,heldout_target_component_training_support,,del_predicate,val,0
>=100,F_and_A_V1,0,concrete_target_components_only,component_count,heldout_target_component_training_support,,del_predicate,val,0
role_reference,F_and_A_V1,108254,all_populated_target_components,component_count,heldout_target_component_training_support,1.0,del_predicate,val,108254
0,F_and_A_V1,0,concrete_target_components_only,component_count,heldout_target_component_training_support,,del_subject,val,0
1-9,F_and_A_V1,0,concrete_target_components_only,component_count,heldout_target_component_training_support,,del_subject,val,0
10-99,F_and_A_V1,0,concrete_target_components_only,component_count,heldout_target_component_training_support,,del_subject,val,0
>=100,F_and_A_V1,0,concrete_target_components_only,component_count,heldout_target_component_training_support,,del_subject,val,0
role_reference,F_and_A_V1,108254,all_populated_target_components,component_count,heldout_target_component_training_support,1.0,del_subject,val,108254
0,F_and_A_V1,132388,concrete_target_components_only,component_count,heldout_target_component_training_support,1.5107109405686316e-05,overall,val,2
1-9,F_and_A_V1,132388,concrete_target_components_only,component_count,heldout_target_component_training_support,0.008172946188476297,overall,val,1082
10-99,F_and_A_V1,132388,concrete_target_components_only,component_count,heldout_target_component_training_support,0.030969574281656947,overall,val,4100
>=100,F_and_A_V1,132388,concrete_target_components_only,component_count,heldout_target_component_training_support,0.9608423724204611,overall,val,127204
role_reference,F_and_A_V1,569034,all_populated_target_components,component_count,heldout_target_component_training_support,0.7673460636798504,overall,val,436646
