slice,support,prediction_exact_match_rate,metric_equivalent_rate,resolved_operation_equivalent_rate,g0_paper_metrics,dfb_paper_metrics
conflictWith,15093,0.0,1.0,1.0,"{'pfr': {'value': 0.9364329576894528, 'numerator': 13877, 'denominator': 14819}, 'local_satisfaction': {'value': 0.6145676251728525, 'numerator': 510651, 'denominator': 830911}, 'delta_local_satisfaction': {'value': 0.04248833169074319, 'numerator': 28712, 'denominator': 675762}, 'sir': {'value': 0.07366086792577053, 'numerator': 24614, 'denominator': 334153}, 'srr': {'value': 0.029935958660887028, 'numerator': 9779, 'denominator': 326664}, 'disruption': {'value': 1.0, 'numerator': 15093, 'denominator': 15093}, 'base_deletion_rate': {'value': 1.0, 'numerator': 15093, 'denominator': 15093}, 'deletes_base_action_rate': {'value': 1.0, 'numerator': 15093, 'denominator': 15093}, 'eppf': {'value': 0.0, 'numerator': 0, 'denominator': 14819}, 'vacuous_improvement': {'value': 0.8155436294971179, 'numerator': 12309, 'denominator': 15093}}","{'pfr': {'value': 0.9364329576894528, 'numerator': 13877, 'denominator': 14819}, 'local_satisfaction': {'value': 0.6145676251728525, 'numerator': 510651, 'denominator': 830911}, 'delta_local_satisfaction': {'value': 0.04248833169074319, 'numerator': 28712, 'denominator': 675762}, 'sir': {'value': 0.07366086792577053, 'numerator': 24614, 'denominator': 334153}, 'srr': {'value': 0.029935958660887028, 'numerator': 9779, 'denominator': 326664}, 'disruption': {'value': 1.0, 'numerator': 15093, 'denominator': 15093}, 'base_deletion_rate': {'value': 1.0, 'numerator': 15093, 'denominator': 15093}, 'deletes_base_action_rate': {'value': 1.0, 'numerator': 15093, 'denominator': 15093}, 'eppf': {'value': 0.0, 'numerator': 0, 'denominator': 14819}, 'vacuous_improvement': {'value': 0.8155436294971179, 'numerator': 12309, 'denominator': 15093}}"
distinct,34232,0.0,1.0,1.0,"{'pfr': {'value': 1.0, 'numerator': 25754, 'denominator': 25754}, 'local_satisfaction': {'value': 0.9562563436834426, 'numerator': 1283187, 'denominator': 1341886}, 'delta_local_satisfaction': {'value': 0.06019843855001757, 'numerator': 58585, 'denominator': 973198}, 'sir': {'value': 0.36486397902327106, 'numerator': 33396, 'denominator': 91530}, 'srr': {'value': 0.0006667138676484471, 'numerator': 565, 'denominator': 847440}, 'disruption': {'value': 1.0, 'numerator': 34232, 'denominator': 34232}, 'base_deletion_rate': {'value': 1.0, 'numerator': 34232, 'denominator': 34232}, 'deletes_base_action_rate': {'value': 1.0, 'numerator': 34232, 'denominator': 34232}, 'eppf': {'value': 0.0, 'numerator': 0, 'denominator': 25754}, 'vacuous_improvement': {'value': 0.9222657162888526, 'numerator': 31571, 'denominator': 34232}}","{'pfr': {'value': 1.0, 'numerator': 25754, 'denominator': 25754}, 'local_satisfaction': {'value': 0.9562563436834426, 'numerator': 1283187, 'denominator': 1341886}, 'delta_local_satisfaction': {'value': 0.06019843855001757, 'numerator': 58585, 'denominator': 973198}, 'sir': {'value': 0.36486397902327106, 'numerator': 33396, 'denominator': 91530}, 'srr': {'value': 0.0006667138676484471, 'numerator': 565, 'denominator': 847440}, 'disruption': {'value': 1.0, 'numerator': 34232, 'denominator': 34232}, 'base_deletion_rate': {'value': 1.0, 'numerator': 34232, 'denominator': 34232}, 'deletes_base_action_rate': {'value': 1.0, 'numerator': 34232, 'denominator': 34232}, 'eppf': {'value': 0.0, 'numerator': 0, 'denominator': 25754}, 'vacuous_improvement': {'value': 0.9222657162888526, 'numerator': 31571, 'denominator': 34232}}"
inverse,15001,0.0,1.0,1.0,"{'pfr': {'value': 1.0, 'numerator': 804, 'denominator': 804}, 'local_satisfaction': {'value': 0.706501230026989, 'numerator': 236644, 'denominator': 334952}, 'delta_local_satisfaction': {'value': 0.018568029908236094, 'numerator': 4917, 'denominator': 264810}, 'sir': {'value': 0.041544214565372335, 'numerator': 4255, 'denominator': 102421}, 'srr': {'value': 0.0009634434282302495, 'numerator': 142, 'denominator': 147388}, 'disruption': {'value': 1.0, 'numerator': 15001, 'denominator': 15001}, 'base_deletion_rate': {'value': 1.0, 'numerator': 15001, 'denominator': 15001}, 'deletes_base_action_rate': {'value': 1.0, 'numerator': 15001, 'denominator': 15001}, 'eppf': {'value': 0.0, 'numerator': 0, 'denominator': 804}, 'vacuous_improvement': {'value': 0.3123125124991667, 'numerator': 4685, 'denominator': 15001}}","{'pfr': {'value': 1.0, 'numerator': 804, 'denominator': 804}, 'local_satisfaction': {'value': 0.706501230026989, 'numerator': 236644, 'denominator': 334952}, 'delta_local_satisfaction': {'value': 0.018568029908236094, 'numerator': 4917, 'denominator': 264810}, 'sir': {'value': 0.041544214565372335, 'numerator': 4255, 'denominator': 102421}, 'srr': {'value': 0.0009634434282302495, 'numerator': 142, 'denominator': 147388}, 'disruption': {'value': 1.0, 'numerator': 15001, 'denominator': 15001}, 'base_deletion_rate': {'value': 1.0, 'numerator': 15001, 'denominator': 15001}, 'deletes_base_action_rate': {'value': 1.0, 'numerator': 15001, 'denominator': 15001}, 'eppf': {'value': 0.0, 'numerator': 0, 'denominator': 804}, 'vacuous_improvement': {'value': 0.3123125124991667, 'numerator': 4685, 'denominator': 15001}}"
itemRequiresStatement,15001,0.01959869342043864,1.0,1.0,"{'pfr': {'value': 0.9647218453188603, 'numerator': 711, 'denominator': 737}, 'local_satisfaction': {'value': 0.7645743405085075, 'numerator': 240360, 'denominator': 314371}, 'delta_local_satisfaction': {'value': 0.020101153653235244, 'numerator': 4809, 'denominator': 239240}, 'sir': {'value': 0.08866206472599669, 'numerator': 6923, 'denominator': 78083}, 'srr': {'value': 0.01796525234025234, 'numerator': 2825, 'denominator': 157248}, 'disruption': {'value': 1.0, 'numerator': 15001, 'denominator': 15001}, 'base_deletion_rate': {'value': 1.0, 'numerator': 15001, 'denominator': 15001}, 'deletes_base_action_rate': {'value': 1.0, 'numerator': 15001, 'denominator': 15001}, 'eppf': {'value': 0.0, 'numerator': 0, 'denominator': 737}, 'vacuous_improvement': {'value': 0.28751416572228516, 'numerator': 4313, 'denominator': 15001}}","{'pfr': {'value': 0.9647218453188603, 'numerator': 711, 'denominator': 737}, 'local_satisfaction': {'value': 0.7645743405085075, 'numerator': 240360, 'denominator': 314371}, 'delta_local_satisfaction': {'value': 0.020101153653235244, 'numerator': 4809, 'denominator': 239240}, 'sir': {'value': 0.08866206472599669, 'numerator': 6923, 'denominator': 78083}, 'srr': {'value': 0.01796525234025234, 'numerator': 2825, 'denominator': 157248}, 'disruption': {'value': 1.0, 'numerator': 15001, 'denominator': 15001}, 'base_deletion_rate': {'value': 1.0, 'numerator': 15001, 'denominator': 15001}, 'deletes_base_action_rate': {'value': 1.0, 'numerator': 15001, 'denominator': 15001}, 'eppf': {'value': 0.0, 'numerator': 0, 'denominator': 737}, 'vacuous_improvement': {'value': 0.28751416572228516, 'numerator': 4313, 'denominator': 15001}}"
oneOf,1028,0.0,1.0,1.0,"{'pfr': {'value': 1.0, 'numerator': 1028, 'denominator': 1028}, 'local_satisfaction': {'value': 0.7174385011197155, 'numerator': 41968, 'denominator': 58497}, 'delta_local_satisfaction': {'value': 0.060496827881684104, 'numerator': 2937, 'denominator': 48548}, 'sir': {'value': 0.13488447770907908, 'numerator': 2487, 'denominator': 18438}, 'srr': {'value': 0.019874836668729797, 'numerator': 578, 'denominator': 29082}, 'disruption': {'value': 1.0, 'numerator': 1028, 'denominator': 1028}, 'base_deletion_rate': {'value': 1.0, 'numerator': 1028, 'denominator': 1028}, 'deletes_base_action_rate': {'value': 1.0, 'numerator': 1028, 'denominator': 1028}, 'eppf': {'value': 0.0, 'numerator': 0, 'denominator': 1028}, 'vacuous_improvement': {'value': 0.9474708171206225, 'numerator': 974, 'denominator': 1028}}","{'pfr': {'value': 1.0, 'numerator': 1028, 'denominator': 1028}, 'local_satisfaction': {'value': 0.7174385011197155, 'numerator': 41968, 'denominator': 58497}, 'delta_local_satisfaction': {'value': 0.060496827881684104, 'numerator': 2937, 'denominator': 48548}, 'sir': {'value': 0.13488447770907908, 'numerator': 2487, 'denominator': 18438}, 'srr': {'value': 0.019874836668729797, 'numerator': 578, 'denominator': 29082}, 'disruption': {'value': 1.0, 'numerator': 1028, 'denominator': 1028}, 'base_deletion_rate': {'value': 1.0, 'numerator': 1028, 'denominator': 1028}, 'deletes_base_action_rate': {'value': 1.0, 'numerator': 1028, 'denominator': 1028}, 'eppf': {'value': 0.0, 'numerator': 0, 'denominator': 1028}, 'vacuous_improvement': {'value': 0.9474708171206225, 'numerator': 974, 'denominator': 1028}}"
single,17958,0.0,1.0,1.0,"{'pfr': {'value': 0.5459671907040328, 'numerator': 3195, 'denominator': 5852}, 'local_satisfaction': {'value': 0.658440107942366, 'numerator': 474574, 'denominator': 720755}, 'delta_local_satisfaction': {'value': 0.011647406722404911, 'numerator': 6751, 'denominator': 579614}, 'sir': {'value': 0.03254006799417193, 'numerator': 8040, 'denominator': 247080}, 'srr': {'value': 0.014254107115609583, 'numerator': 4484, 'denominator': 314576}, 'disruption': {'value': 1.0, 'numerator': 17958, 'denominator': 17958}, 'base_deletion_rate': {'value': 1.0, 'numerator': 17958, 'denominator': 17958}, 'deletes_base_action_rate': {'value': 1.0, 'numerator': 17958, 'denominator': 17958}, 'eppf': {'value': 0.0, 'numerator': 0, 'denominator': 5852}, 'vacuous_improvement': {'value': 0.4917028622341018, 'numerator': 8830, 'denominator': 17958}}","{'pfr': {'value': 0.5459671907040328, 'numerator': 3195, 'denominator': 5852}, 'local_satisfaction': {'value': 0.658440107942366, 'numerator': 474574, 'denominator': 720755}, 'delta_local_satisfaction': {'value': 0.011647406722404911, 'numerator': 6751, 'denominator': 579614}, 'sir': {'value': 0.03254006799417193, 'numerator': 8040, 'denominator': 247080}, 'srr': {'value': 0.014254107115609583, 'numerator': 4484, 'denominator': 314576}, 'disruption': {'value': 1.0, 'numerator': 17958, 'denominator': 17958}, 'base_deletion_rate': {'value': 1.0, 'numerator': 17958, 'denominator': 17958}, 'deletes_base_action_rate': {'value': 1.0, 'numerator': 17958, 'denominator': 17958}, 'eppf': {'value': 0.0, 'numerator': 0, 'denominator': 5852}, 'vacuous_improvement': {'value': 0.4917028622341018, 'numerator': 8830, 'denominator': 17958}}"
type,15001,0.11672555162989134,1.0,1.0,"{'pfr': {'value': 0.8482587064676617, 'numerator': 341, 'denominator': 402}, 'local_satisfaction': {'value': 0.8385984967422875, 'numerator': 341853, 'denominator': 407648}, 'delta_local_satisfaction': {'value': -0.0028683923404120744, 'numerator': -907, 'denominator': 316205}, 'sir': {'value': 0.06652606767360357, 'numerator': 4290, 'denominator': 64486}, 'srr': {'value': 0.02219977391346177, 'numerator': 5538, 'denominator': 249462}, 'disruption': {'value': 1.0, 'numerator': 15001, 'denominator': 15001}, 'base_deletion_rate': {'value': 1.0, 'numerator': 15001, 'denominator': 15001}, 'deletes_base_action_rate': {'value': 1.0, 'numerator': 15001, 'denominator': 15001}, 'eppf': {'value': 0.0, 'numerator': 0, 'denominator': 402}, 'vacuous_improvement': {'value': 0.16998866742217186, 'numerator': 2550, 'denominator': 15001}}","{'pfr': {'value': 0.8482587064676617, 'numerator': 341, 'denominator': 402}, 'local_satisfaction': {'value': 0.8385984967422875, 'numerator': 341853, 'denominator': 407648}, 'delta_local_satisfaction': {'value': -0.0028683923404120744, 'numerator': -907, 'denominator': 316205}, 'sir': {'value': 0.06652606767360357, 'numerator': 4290, 'denominator': 64486}, 'srr': {'value': 0.02219977391346177, 'numerator': 5538, 'denominator': 249462}, 'disruption': {'value': 1.0, 'numerator': 15001, 'denominator': 15001}, 'base_deletion_rate': {'value': 1.0, 'numerator': 15001, 'denominator': 15001}, 'deletes_base_action_rate': {'value': 1.0, 'numerator': 15001, 'denominator': 15001}, 'eppf': {'value': 0.0, 'numerator': 0, 'denominator': 402}, 'vacuous_improvement': {'value': 0.16998866742217186, 'numerator': 2550, 'denominator': 15001}}"
valueRequiresStatement,15003,0.0,1.0,1.0,"{'pfr': {'value': 1.0, 'numerator': 565, 'denominator': 565}, 'local_satisfaction': {'value': 0.8143293899150678, 'numerator': 491960, 'denominator': 604129}, 'delta_local_satisfaction': {'value': 0.0899768733318175, 'numerator': 43925, 'denominator': 488181}, 'sir': {'value': 0.3045348455914974, 'numerator': 47364, 'denominator': 155529}, 'srr': {'value': 0.01236607790876157, 'numerator': 4004, 'denominator': 323789}, 'disruption': {'value': 1.0, 'numerator': 15003, 'denominator': 15003}, 'base_deletion_rate': {'value': 1.0, 'numerator': 15003, 'denominator': 15003}, 'deletes_base_action_rate': {'value': 1.0, 'numerator': 15003, 'denominator': 15003}, 'eppf': {'value': 0.0, 'numerator': 0, 'denominator': 565}, 'vacuous_improvement': {'value': 0.6355395587549156, 'numerator': 9535, 'denominator': 15003}}","{'pfr': {'value': 1.0, 'numerator': 565, 'denominator': 565}, 'local_satisfaction': {'value': 0.8143293899150678, 'numerator': 491960, 'denominator': 604129}, 'delta_local_satisfaction': {'value': 0.0899768733318175, 'numerator': 43925, 'denominator': 488181}, 'sir': {'value': 0.3045348455914974, 'numerator': 47364, 'denominator': 155529}, 'srr': {'value': 0.01236607790876157, 'numerator': 4004, 'denominator': 323789}, 'disruption': {'value': 1.0, 'numerator': 15003, 'denominator': 15003}, 'base_deletion_rate': {'value': 1.0, 'numerator': 15003, 'denominator': 15003}, 'deletes_base_action_rate': {'value': 1.0, 'numerator': 15003, 'denominator': 15003}, 'eppf': {'value': 0.0, 'numerator': 0, 'denominator': 565}, 'vacuous_improvement': {'value': 0.6355395587549156, 'numerator': 9535, 'denominator': 15003}}"
valueType,14999,0.044469631308753914,1.0,1.0,"{'pfr': {'value': 0.8698806459162182, 'numerator': 3717, 'denominator': 4273}, 'local_satisfaction': {'value': 0.8493305912215366, 'numerator': 1146023, 'denominator': 1349325}, 'delta_local_satisfaction': {'value': 0.012836982096121656, 'numerator': 14180, 'denominator': 1104621}, 'sir': {'value': 0.06478150547115741, 'numerator': 13812, 'denominator': 213209}, 'srr': {'value': 0.003779628154110416, 'numerator': 3349, 'denominator': 886066}, 'disruption': {'value': 1.0, 'numerator': 14999, 'denominator': 14999}, 'base_deletion_rate': {'value': 1.0, 'numerator': 14999, 'denominator': 14999}, 'deletes_base_action_rate': {'value': 1.0, 'numerator': 14999, 'denominator': 14999}, 'eppf': {'value': 0.0, 'numerator': 0, 'denominator': 4273}, 'vacuous_improvement': {'value': 0.5398359890659378, 'numerator': 8097, 'denominator': 14999}}","{'pfr': {'value': 0.8698806459162182, 'numerator': 3717, 'denominator': 4273}, 'local_satisfaction': {'value': 0.8493305912215366, 'numerator': 1146023, 'denominator': 1349325}, 'delta_local_satisfaction': {'value': 0.012836982096121656, 'numerator': 14180, 'denominator': 1104621}, 'sir': {'value': 0.06478150547115741, 'numerator': 13812, 'denominator': 213209}, 'srr': {'value': 0.003779628154110416, 'numerator': 3349, 'denominator': 886066}, 'disruption': {'value': 1.0, 'numerator': 14999, 'denominator': 14999}, 'base_deletion_rate': {'value': 1.0, 'numerator': 14999, 'denominator': 14999}, 'deletes_base_action_rate': {'value': 1.0, 'numerator': 14999, 'denominator': 14999}, 'eppf': {'value': 0.0, 'numerator': 0, 'denominator': 4273}, 'vacuous_improvement': {'value': 0.5398359890659378, 'numerator': 8097, 'denominator': 14999}}"
