A,A_over_R,B,B_over_R,R,copy_only_gain,copy_only_percentage_points_on_R,copy_relative_gain_over_A,family,input_profile,population,source_records,split,still_unexpressible,vocabulary_profile
1709055,0.8944213766633138,1718668,0.8994522695800803,1910794,9613,0.5030892916766538,0.00562474583907481,overall,passive,parent_pool,1910794,overall,192126,existing_train_val_minocc100
256205,0.8938838880748029,257681,0.8990335636033773,286620,1476,0.5149675528574419,0.005761011689857731,overall,passive,parent_pool,286620,test,28939,existing_train_val_minocc100
1196280,0.8943781751030798,1202991,0.8993955388750369,1337555,6711,0.5017363771957041,0.005609890661049253,overall,passive,parent_pool,1337555,train,134564,existing_train_val_minocc100
256570,0.8951604743579455,257996,0.9001357202418542,286619,1426,0.49752458839086033,0.005557937404996687,overall,passive,parent_pool,286619,val,28623,existing_train_val_minocc100
189196,0.940221145483911,189645,0.9424524785687663,201225,449,0.22313330848552615,0.0023732002790756677,conflictWith,passive,parent_pool,201225,overall,11580,existing_train_val_minocc100
443199,0.9710566618975525,443220,0.971102673260168,456409,21,0.004601136261554877,4.738277839074547e-05,distinct,passive,parent_pool,456409,overall,13189,existing_train_val_minocc100
137328,0.97847508710429,137616,0.9805271145501571,140349,288,0.20520274458670884,0.0020971688220901784,inverse,passive,parent_pool,140349,overall,2733,existing_train_val_minocc100
109263,0.546315,113430,0.56715,200000,4167,2.0835,0.03813733834875484,itemRequiresStatement,passive,parent_pool,200000,overall,86570,existing_train_val_minocc100
13523,0.9864322707710264,13605,0.9924137427967029,13709,82,0.5981472025676563,0.00606374325223693,oneOf,passive,parent_pool,13709,overall,104,existing_train_val_minocc100
208748,0.8717957284732257,210164,0.8777093791502051,239446,1416,0.5913650676979361,0.006783298522620576,single,passive,parent_pool,239446,overall,29282,existing_train_val_minocc100
58739,0.9846945617917253,58843,0.9864380071078924,59652,104,0.17434453161671026,0.001770544272119035,symmetric,passive,parent_pool,59652,overall,809,existing_train_val_minocc100
190604,0.953010469895301,191343,0.9567054329456706,200002,739,0.36949630503694963,0.0038771484334011877,type,passive,parent_pool,200002,overall,8659,existing_train_val_minocc100
166414,0.8320658396708016,167966,0.8398258008709957,200001,1552,0.7759961200193999,0.009326138425853595,valueRequiresStatement,passive,parent_pool,200001,overall,32035,existing_train_val_minocc100
192041,0.960200198999005,192836,0.9641751791241043,200001,795,0.39749801250993744,0.004139740992808828,valueType,passive,parent_pool,200001,overall,7165,existing_train_val_minocc100
28423,0.9416578319639544,28497,0.9441094619666048,30184,74,0.2451630002650411,0.0026035253140062626,conflictWith,passive,parent_pool,30184,test,1687,existing_train_val_minocc100
66466,0.9708451403698402,66468,0.9708743536560428,68462,2,0.002921328620256493,3.0090572623597026e-05,distinct,passive,parent_pool,68462,test,1994,existing_train_val_minocc100
20699,0.980577005068928,20738,0.9824245582452982,21109,39,0.18475531763702685,0.0018841489927049616,inverse,passive,parent_pool,21109,test,371,existing_train_val_minocc100
16222,0.5407513583786127,16856,0.5618853961798727,29999,634,2.113403780126004,0.039082727160646036,itemRequiresStatement,passive,parent_pool,29999,test,13143,existing_train_val_minocc100
2008,0.9766536964980544,2033,0.9888132295719845,2056,25,1.215953307392996,0.01245019920318725,oneOf,passive,parent_pool,2056,test,23,existing_train_val_minocc100
31256,0.8702285825653591,31461,0.8759361862070886,35917,205,0.5707603641729543,0.006558740721781418,single,passive,parent_pool,35917,test,4456,existing_train_val_minocc100
8767,0.9860533123383196,8780,0.9875154650770442,8891,13,0.14621527387245528,0.0014828333523440173,symmetric,passive,parent_pool,8891,test,111,existing_train_val_minocc100
28564,0.9521015966134462,28693,0.9564014532848905,30001,129,0.42998566714442854,0.0045161742052933765,type,passive,parent_pool,30001,test,1308,existing_train_val_minocc100
25008,0.8335722142595247,25234,0.841105296490117,30001,226,0.7533082230592314,0.009037108125399871,valueRequiresStatement,passive,parent_pool,30001,test,4767,existing_train_val_minocc100
28792,0.9597333333333333,28921,0.9640333333333333,30000,129,0.43,0.004480411225340372,valueType,passive,parent_pool,30000,test,1079,existing_train_val_minocc100
132390,0.9398893913685511,132694,0.9420476085675543,140857,304,0.21582171990032445,0.0022962459400256816,conflictWith,passive,parent_pool,140857,train,8163,existing_train_val_minocc100
310259,0.9711192352716551,310276,0.9711724457409714,319486,17,0.005321046931633937,5.47929310672696e-05,distinct,passive,parent_pool,319486,train,9210,existing_train_val_minocc100
96056,0.9779180453041486,96255,0.9799440061084246,98225,199,0.20259608042758973,0.0020717081702340302,inverse,passive,parent_pool,98225,train,1970,existing_train_val_minocc100
76559,0.5468460939564718,79465,0.5676030885493675,140001,2906,2.0756994592895763,0.03795765357436748,itemRequiresStatement,passive,parent_pool,140001,train,60536,existing_train_val_minocc100
9487,0.9886411004585244,9530,0.9931221342225928,9596,43,0.4481033764068362,0.004532518182776431,oneOf,passive,parent_pool,9596,train,66,existing_train_val_minocc100
146175,0.872103429348734,147177,0.8780815216094313,167612,1002,0.5978092260697325,0.00685479733196511,single,passive,parent_pool,167612,train,20435,existing_train_val_minocc100
41119,0.9842732669475297,41187,0.9859009957870548,41776,68,0.1627728839525086,0.0016537367153870474,symmetric,passive,parent_pool,41776,train,589,existing_train_val_minocc100
133378,0.9526931950486068,133908,0.9564788822936979,140001,530,0.37856872450911067,0.0039736688209449835,type,passive,parent_pool,140001,train,6093,existing_train_val_minocc100
116415,0.8315357142857143,117524,0.8394571428571429,140000,1109,0.7921428571428571,0.00952626379762058,valueRequiresStatement,passive,parent_pool,140000,train,22476,existing_train_val_minocc100
134442,0.9602931407632803,134975,0.9641002564267398,140001,533,0.38071156634595466,0.003964534892369944,valueType,passive,parent_pool,140001,train,5026,existing_train_val_minocc100
28383,0.9403326265571164,28454,0.942684866154254,30184,71,0.23522395971375562,0.002501497375189374,conflictWith,passive,parent_pool,30184,val,1730,existing_train_val_minocc100
66474,0.9709761762171163,66476,0.9710053899300332,68461,2,0.0029213712916843168,3.0086951289225862e-05,distinct,passive,parent_pool,68461,val,1985,existing_train_val_minocc100
20573,0.9789674042350702,20623,0.981346657149655,21015,50,0.23792529145848204,0.00243036990229913,inverse,passive,parent_pool,21015,val,392,existing_train_val_minocc100
16482,0.5494,17109,0.5703,30000,627,2.09,0.03804149981798326,itemRequiresStatement,passive,parent_pool,30000,val,12891,existing_train_val_minocc100
2028,0.9859017987360233,2042,0.9927078269324259,2057,14,0.6806028196402528,0.006903353057199211,oneOf,passive,parent_pool,2057,val,15,existing_train_val_minocc100
31317,0.8719269426733859,31526,0.8777459141910516,35917,209,0.581897151766573,0.0066736916051984545,single,passive,parent_pool,35917,val,4391,existing_train_val_minocc100
8853,0.9853088480801335,8876,0.9878686700055648,8985,23,0.25598219254312743,0.0025979893821303514,symmetric,passive,parent_pool,8985,val,109,existing_train_val_minocc100
28662,0.9554,28742,0.9580666666666666,30000,80,0.26666666666666666,0.002791152048007815,type,passive,parent_pool,30000,val,1258,existing_train_val_minocc100
24991,0.8330333333333333,25208,0.8402666666666667,30000,217,0.7233333333333334,0.00868312592533312,valueRequiresStatement,passive,parent_pool,30000,val,4792,existing_train_val_minocc100
28807,0.9602333333333334,28940,0.9646666666666667,30000,133,0.44333333333333336,0.0046169333842468845,valueType,passive,parent_pool,30000,val,1060,existing_train_val_minocc100
1709055,0.8944213766633138,1718831,0.8995375744324088,1910794,9776,0.5116197769094941,0.005720120183376193,overall,factorized,parent_pool,1910794,overall,191963,existing_train_val_minocc100
256205,0.8938838880748029,257725,0.8991870769660177,286620,1520,0.5303188891214848,0.005932749165707149,overall,factorized,parent_pool,286620,test,28895,existing_train_val_minocc100
1196280,0.8943781751030798,1203084,0.8994650687261458,1337555,6804,0.5086893623065968,0.0056876316581402344,overall,factorized,parent_pool,1337555,train,134471,existing_train_val_minocc100
256570,0.8951604743579455,258022,0.9002264329999058,286619,1452,0.5065958641960233,0.005659274272128464,overall,factorized,parent_pool,286619,val,28597,existing_train_val_minocc100
189196,0.940221145483911,189646,0.9424574481302025,201225,450,0.22363026462914648,0.0023784858030825176,conflictWith,factorized,parent_pool,201225,overall,11579,existing_train_val_minocc100
443199,0.9710566618975525,443220,0.971102673260168,456409,21,0.004601136261554877,4.738277839074547e-05,distinct,factorized,parent_pool,456409,overall,13189,existing_train_val_minocc100
137328,0.97847508710429,137616,0.9805271145501571,140349,288,0.20520274458670884,0.0020971688220901784,inverse,factorized,parent_pool,140349,overall,2733,existing_train_val_minocc100
109263,0.546315,113555,0.567775,200000,4292,2.146,0.03928136697692723,itemRequiresStatement,factorized,parent_pool,200000,overall,86445,existing_train_val_minocc100
13523,0.9864322707710264,13605,0.9924137427967029,13709,82,0.5981472025676563,0.00606374325223693,oneOf,factorized,parent_pool,13709,overall,104,existing_train_val_minocc100
208748,0.8717957284732257,210171,0.8777386132990319,239446,1423,0.5942884825806236,0.006816831778029011,single,factorized,parent_pool,239446,overall,29275,existing_train_val_minocc100
58739,0.9846945617917253,58843,0.9864380071078924,59652,104,0.17434453161671026,0.001770544272119035,symmetric,factorized,parent_pool,59652,overall,809,existing_train_val_minocc100
190604,0.953010469895301,191357,0.9567754322456775,200002,753,0.3764962350376496,0.003950599147971711,type,factorized,parent_pool,200002,overall,8645,existing_train_val_minocc100
166414,0.8320658396708016,167977,0.839880800595997,200001,1563,0.7814960925195374,0.009392238633768793,valueRequiresStatement,factorized,parent_pool,200001,overall,32024,existing_train_val_minocc100
192041,0.960200198999005,192841,0.964200178999105,200001,800,0.39999800000999997,0.004165777099681839,valueType,factorized,parent_pool,200001,overall,7160,existing_train_val_minocc100
28423,0.9416578319639544,28498,0.9441425921017758,30184,75,0.24847601378213624,0.0026387080885198607,conflictWith,factorized,parent_pool,30184,test,1686,existing_train_val_minocc100
66466,0.9708451403698402,66468,0.9708743536560428,68462,2,0.002921328620256493,3.0090572623597026e-05,distinct,factorized,parent_pool,68462,test,1994,existing_train_val_minocc100
20699,0.980577005068928,20738,0.9824245582452982,21109,39,0.18475531763702685,0.0018841489927049616,inverse,factorized,parent_pool,21109,test,371,existing_train_val_minocc100
16222,0.5407513583786127,16886,0.5628854295143172,29999,664,2.2134071135704523,0.04093206756256935,itemRequiresStatement,factorized,parent_pool,29999,test,13113,existing_train_val_minocc100
2008,0.9766536964980544,2033,0.9888132295719845,2056,25,1.215953307392996,0.01245019920318725,oneOf,factorized,parent_pool,2056,test,23,existing_train_val_minocc100
31256,0.8702285825653591,31462,0.8759640281760727,35917,206,0.573544561071359,0.006590734578960839,single,factorized,parent_pool,35917,test,4455,existing_train_val_minocc100
8767,0.9860533123383196,8780,0.9875154650770442,8891,13,0.14621527387245528,0.0014828333523440173,symmetric,factorized,parent_pool,8891,test,111,existing_train_val_minocc100
28564,0.9521015966134462,28699,0.956601446618446,30001,135,0.44998500049998336,0.004726228819493068,type,factorized,parent_pool,30001,test,1302,existing_train_val_minocc100
25008,0.8335722142595247,25238,0.8412386253791541,30001,230,0.7666411119629346,0.009197056941778631,valueRequiresStatement,factorized,parent_pool,30001,test,4763,existing_train_val_minocc100
28792,0.9597333333333333,28923,0.9641,30000,131,0.43666666666666665,0.00454987496526813,valueType,factorized,parent_pool,30000,test,1077,existing_train_val_minocc100
132390,0.9398893913685511,132694,0.9420476085675543,140857,304,0.21582171990032445,0.0022962459400256816,conflictWith,factorized,parent_pool,140857,train,8163,existing_train_val_minocc100
310259,0.9711192352716551,310276,0.9711724457409714,319486,17,0.005321046931633937,5.47929310672696e-05,distinct,factorized,parent_pool,319486,train,9210,existing_train_val_minocc100
96056,0.9779180453041486,96255,0.9799440061084246,98225,199,0.20259608042758973,0.0020717081702340302,inverse,factorized,parent_pool,98225,train,1970,existing_train_val_minocc100
76559,0.5468460939564718,79542,0.5681530846208241,140001,2983,2.13069906643524,0.038963413837693806,itemRequiresStatement,factorized,parent_pool,140001,train,60459,existing_train_val_minocc100
9487,0.9886411004585244,9530,0.9931221342225928,9596,43,0.4481033764068362,0.004532518182776431,oneOf,factorized,parent_pool,9596,train,66,existing_train_val_minocc100
146175,0.872103429348734,147180,0.8780994200892538,167612,1005,0.5995990740519772,0.006875320677270395,single,factorized,parent_pool,167612,train,20432,existing_train_val_minocc100
41119,0.9842732669475297,41187,0.9859009957870548,41776,68,0.1627728839525086,0.0016537367153870474,symmetric,factorized,parent_pool,41776,train,589,existing_train_val_minocc100
133378,0.9526931950486068,133915,0.9565288819365576,140001,537,0.38356868879508005,0.004026151239334823,type,factorized,parent_pool,140001,train,6086,existing_train_val_minocc100
116415,0.8315357142857143,117528,0.8394857142857143,140000,1113,0.795,0.009560623630975389,valueRequiresStatement,factorized,parent_pool,140000,train,22472,existing_train_val_minocc100
134442,0.9602931407632803,134977,0.9641145420389854,140001,535,0.38214012757051735,0.003979411195906041,valueType,factorized,parent_pool,140001,train,5024,existing_train_val_minocc100
28383,0.9403326265571164,28454,0.942684866154254,30184,71,0.23522395971375562,0.002501497375189374,conflictWith,factorized,parent_pool,30184,val,1730,existing_train_val_minocc100
66474,0.9709761762171163,66476,0.9710053899300332,68461,2,0.0029213712916843168,3.0086951289225862e-05,distinct,factorized,parent_pool,68461,val,1985,existing_train_val_minocc100
20573,0.9789674042350702,20623,0.981346657149655,21015,50,0.23792529145848204,0.00243036990229913,inverse,factorized,parent_pool,21015,val,392,existing_train_val_minocc100
16482,0.5494,17127,0.5709,30000,645,2.15,0.03913360029122679,itemRequiresStatement,factorized,parent_pool,30000,val,12873,existing_train_val_minocc100
2028,0.9859017987360233,2042,0.9927078269324259,2057,14,0.6806028196402528,0.006903353057199211,oneOf,factorized,parent_pool,2057,val,15,existing_train_val_minocc100
31317,0.8719269426733859,31529,0.8778294400980037,35917,212,0.5902497424617869,0.006769486221541016,single,factorized,parent_pool,35917,val,4388,existing_train_val_minocc100
8853,0.9853088480801335,8876,0.9878686700055648,8985,23,0.25598219254312743,0.0025979893821303514,symmetric,factorized,parent_pool,8985,val,109,existing_train_val_minocc100
28662,0.9554,28743,0.9581,30000,81,0.27,0.002826041448607913,type,factorized,parent_pool,30000,val,1257,existing_train_val_minocc100
24991,0.8330333333333333,25211,0.8403666666666667,30000,220,0.7333333333333333,0.00880316914089072,valueRequiresStatement,factorized,parent_pool,30000,val,4789,existing_train_val_minocc100
28807,0.9602333333333334,28941,0.9647,30000,134,0.44666666666666666,0.0046516471690908456,valueType,factorized,parent_pool,30000,val,1059,existing_train_val_minocc100
1710505,0.8951802235091799,1719857,0.9000745239936906,1910794,9352,0.48943004845106275,0.0054673912090289125,overall,passive,parent_pool,1910794,overall,190937,clean_parent_train_minocc100
256417,0.8946235433675249,257852,0.899630172353639,286620,1435,0.5006628986114019,0.005596352815920942,overall,passive,parent_pool,286620,test,28768,clean_parent_train_minocc100
1197671,0.8954181323384833,1204142,0.9002560642366109,1337555,6471,0.4837931898127554,0.005402986295902631,overall,passive,parent_pool,1337555,train,133413,clean_parent_train_minocc100
256417,0.894626664666334,257863,0.8996716895948977,286619,1446,0.5045024928563703,0.005639251687680614,overall,passive,parent_pool,286619,val,28756,clean_parent_train_minocc100
189271,0.9405938625916263,189698,0.942715865324885,201225,427,0.21220027332587899,0.002256024430578377,conflictWith,passive,parent_pool,201225,overall,11527,clean_parent_train_minocc100
443201,0.9710610439320873,443222,0.9711070552947028,456409,21,0.004601136261554877,4.738256457002579e-05,distinct,passive,parent_pool,456409,overall,13187,clean_parent_train_minocc100
137350,0.9786318392008493,137632,0.9806411160749275,140349,282,0.20092768740781908,0.002053148889697852,inverse,passive,parent_pool,140349,overall,2717,clean_parent_train_minocc100
109973,0.549865,114054,0.57027,200000,4081,2.0405,0.03710910859938348,itemRequiresStatement,passive,parent_pool,200000,overall,85946,clean_parent_train_minocc100
13572,0.9900065650302721,13609,0.9927055219199067,13709,37,0.26989568896345467,0.002726201002063071,oneOf,passive,parent_pool,13709,overall,100,clean_parent_train_minocc100
208936,0.8725808741845761,210325,0.8783817645732231,239446,1389,0.5800890388647127,0.006647968755982693,single,passive,parent_pool,239446,overall,29121,clean_parent_train_minocc100
58753,0.984929256353517,58851,0.9865721182860592,59652,98,0.16428619325420774,0.00166799993191837,symmetric,passive,parent_pool,59652,overall,801,clean_parent_train_minocc100
190735,0.9536654633453665,191447,0.9572254277457225,200002,712,0.35599644003559966,0.003732927884237293,type,passive,parent_pool,200002,overall,8555,clean_parent_train_minocc100
166601,0.833000834995825,168132,0.8406557967210164,200001,1531,0.7654961725191374,0.00918962071055996,valueRequiresStatement,passive,parent_pool,200001,overall,31869,clean_parent_train_minocc100
192113,0.960560197199014,192887,0.9644301778491108,200001,774,0.38699806500967493,0.004028878836934513,valueType,passive,parent_pool,200001,overall,7114,clean_parent_train_minocc100
28431,0.9419228730453221,28503,0.9443082427776305,30184,72,0.23853697323085077,0.0025324469768914213,conflictWith,passive,parent_pool,30184,test,1681,clean_parent_train_minocc100
66466,0.9708451403698402,66468,0.9708743536560428,68462,2,0.002921328620256493,3.0090572623597026e-05,distinct,passive,parent_pool,68462,test,1994,clean_parent_train_minocc100
20700,0.9806243782272964,20739,0.9824719314036667,21109,39,0.18475531763702685,0.0018840579710144927,inverse,passive,parent_pool,21109,test,370,clean_parent_train_minocc100
16327,0.5442514750491683,16946,0.5648854961832062,29999,619,2.06340211340378,0.03791266001102468,itemRequiresStatement,passive,parent_pool,29999,test,13053,clean_parent_train_minocc100
2015,0.9800583657587548,2033,0.9888132295719845,2056,18,0.8754863813229572,0.008933002481389578,oneOf,passive,parent_pool,2056,test,23,clean_parent_train_minocc100
31275,0.870757579976056,31477,0.8763816577108333,35917,202,0.5624077734777403,0.006458832933653078,single,passive,parent_pool,35917,test,4440,clean_parent_train_minocc100
8769,0.9862782589135081,8781,0.9876279383646384,8891,12,0.13496794511303564,0.0013684570646595963,symmetric,passive,parent_pool,8891,test,110,clean_parent_train_minocc100
28589,0.9529349021699277,28714,0.9571014299523349,30001,125,0.41665277824072533,0.004372311028717339,type,passive,parent_pool,30001,test,1287,clean_parent_train_minocc100
25036,0.8345055164827839,25259,0.8419386020465984,30001,223,0.743308556381454,0.008907173669915322,valueRequiresStatement,passive,parent_pool,30001,test,4742,clean_parent_train_minocc100
28809,0.9603,28932,0.9644,30000,123,0.41,0.00426949911485994,valueType,passive,parent_pool,30000,test,1068,clean_parent_train_minocc100
132465,0.940421846269621,132745,0.9424096779002819,140857,280,0.19878316306608831,0.0021137659004265277,conflictWith,passive,parent_pool,140857,train,8112,clean_parent_train_minocc100
310262,0.9711286253544756,310279,0.9711818358237919,319486,17,0.005321046931633937,5.479240126086985e-05,distinct,passive,parent_pool,319486,train,9207,clean_parent_train_minocc100
96083,0.9781929244082463,96274,0.9801374395520489,98225,191,0.19445151438024944,0.0019878646586805157,inverse,passive,parent_pool,98225,train,1951,clean_parent_train_minocc100
77228,0.551624631252634,80065,0.5718887722230556,140001,2837,2.026414097042164,0.03673538094991454,itemRequiresStatement,passive,parent_pool,140001,train,59936,clean_parent_train_minocc100
9532,0.9933305543976657,9533,0.9934347644852022,9596,1,0.010421008753647354,0.0001049097775912715,oneOf,passive,parent_pool,9596,train,63,clean_parent_train_minocc100
146370,0.873266830537193,147347,0.87909576879937,167612,977,0.5828938262176933,0.0066748650679784105,single,passive,parent_pool,167612,train,20265,clean_parent_train_minocc100
41131,0.9845605132133283,41195,0.9860924932975871,41776,64,0.15319800842589046,0.0015560039872602174,symmetric,passive,parent_pool,41776,train,581,clean_parent_train_minocc100
133493,0.9535146177527304,133998,0.9571217348447512,140001,505,0.3607117092020771,0.003782969893552471,type,passive,parent_pool,140001,train,6003,clean_parent_train_minocc100
116604,0.8328857142857143,117685,0.8406071428571429,140000,1081,0.7721428571428571,0.009270693972762513,valueRequiresStatement,passive,parent_pool,140000,train,22315,clean_parent_train_minocc100
134503,0.9607288519367719,135021,0.9644288255083893,140001,518,0.36999735716173454,0.0038512152145305308,valueType,passive,parent_pool,140001,train,4980,clean_parent_train_minocc100
28375,0.9400675854757488,28450,0.9425523456135702,30184,75,0.24847601378213624,0.0026431718061674008,conflictWith,passive,parent_pool,30184,val,1734,clean_parent_train_minocc100
66473,0.9709615693606579,66475,0.9709907830735748,68461,2,0.0029213712916843168,3.0087403908353766e-05,distinct,passive,parent_pool,68461,val,1986,clean_parent_train_minocc100
20567,0.97868189388532,20619,0.9811563169164882,21015,52,0.2474423031168213,0.0025283220693343707,inverse,passive,parent_pool,21015,val,396,clean_parent_train_minocc100
16418,0.5472666666666667,17043,0.5681,30000,625,2.0833333333333335,0.03806797417468632,itemRequiresStatement,passive,parent_pool,30000,val,12957,clean_parent_train_minocc100
2025,0.9844433641225085,2043,0.9931939718035975,2057,18,0.8750607681088964,0.008888888888888889,oneOf,passive,parent_pool,2057,val,14,clean_parent_train_minocc100
31291,0.8712030514798007,31501,0.8770498649664504,35917,210,0.5846813486649776,0.006711194912275095,single,passive,parent_pool,35917,val,4416,clean_parent_train_minocc100
8853,0.9853088480801335,8875,0.9877573734001113,8985,22,0.24485253199777407,0.0024850333220377274,symmetric,passive,parent_pool,8985,val,110,clean_parent_train_minocc100
28653,0.9551,28735,0.9578333333333333,30000,82,0.2733333333333333,0.0028618294768436117,type,passive,parent_pool,30000,val,1265,clean_parent_train_minocc100
24961,0.8320333333333333,25188,0.8396,30000,227,0.7566666666666667,0.009094186931613317,valueRequiresStatement,passive,parent_pool,30000,val,4812,clean_parent_train_minocc100
28801,0.9600333333333333,28934,0.9644666666666667,30000,133,0.44333333333333336,0.004617895211971807,valueType,passive,parent_pool,30000,val,1066,clean_parent_train_minocc100
1710505,0.8951802235091799,1719936,0.900115868063224,1910794,9431,0.4935644554044026,0.005513576399952061,overall,factorized,parent_pool,1910794,overall,190858,clean_parent_train_minocc100
256417,0.8946235433675249,257892,0.8997697299560393,286620,1475,0.514618658851441,0.005752348713228842,overall,factorized,parent_pool,286620,test,28728,clean_parent_train_minocc100
1197671,0.8954181323384833,1204142,0.9002560642366109,1337555,6471,0.4837931898127554,0.005402986295902631,overall,factorized,parent_pool,1337555,train,133413,clean_parent_train_minocc100
256417,0.894626664666334,257902,0.8998077587319752,286619,1485,0.5181094065641147,0.0057913476875558175,overall,factorized,parent_pool,286619,val,28717,clean_parent_train_minocc100
189271,0.9405938625916263,189699,0.9427208348863213,201225,428,0.21269722946949932,0.0022613078601581857,conflictWith,factorized,parent_pool,201225,overall,11526,clean_parent_train_minocc100
443201,0.9710610439320873,443222,0.9711070552947028,456409,21,0.004601136261554877,4.738256457002579e-05,distinct,factorized,parent_pool,456409,overall,13187,clean_parent_train_minocc100
137350,0.9786318392008493,137634,0.9806553662655239,140349,284,0.202352706467449,0.0020677102293410994,inverse,factorized,parent_pool,140349,overall,2715,clean_parent_train_minocc100
109973,0.549865,114112,0.57056,200000,4139,2.0695,0.037636510779918704,itemRequiresStatement,factorized,parent_pool,200000,overall,85888,clean_parent_train_minocc100
13572,0.9900065650302721,13609,0.9927055219199067,13709,37,0.26989568896345467,0.002726201002063071,oneOf,factorized,parent_pool,13709,overall,100,clean_parent_train_minocc100
208936,0.8725808741845761,210331,0.8784068224150748,239446,1395,0.5825948230498734,0.006676685683654325,single,factorized,parent_pool,239446,overall,29115,clean_parent_train_minocc100
58753,0.984929256353517,58851,0.9865721182860592,59652,98,0.16428619325420774,0.00166799993191837,symmetric,factorized,parent_pool,59652,overall,801,clean_parent_train_minocc100
190735,0.9536654633453665,191450,0.957240427595724,200002,715,0.35749642503574963,0.0037486565129630114,type,factorized,parent_pool,200002,overall,8552,clean_parent_train_minocc100
166601,0.833000834995825,168140,0.8406957965210174,200001,1539,0.7694961525192374,0.009237639630014225,valueRequiresStatement,factorized,parent_pool,200001,overall,31861,clean_parent_train_minocc100
192113,0.960560197199014,192888,0.9644351778241109,200001,775,0.38749806250968744,0.004034084106749674,valueType,factorized,parent_pool,200001,overall,7113,clean_parent_train_minocc100
28431,0.9419228730453221,28504,0.9443413729128015,30184,73,0.24184998674794594,0.002567619851570469,conflictWith,factorized,parent_pool,30184,test,1680,clean_parent_train_minocc100
66466,0.9708451403698402,66468,0.9708743536560428,68462,2,0.002921328620256493,3.0090572623597026e-05,distinct,factorized,parent_pool,68462,test,1994,clean_parent_train_minocc100
20700,0.9806243782272964,20739,0.9824719314036667,21109,39,0.18475531763702685,0.0018840579710144927,inverse,factorized,parent_pool,21109,test,370,clean_parent_train_minocc100
16327,0.5442514750491683,16977,0.5659188639621321,29999,650,2.1667388912963768,0.03981135542353157,itemRequiresStatement,factorized,parent_pool,29999,test,13022,clean_parent_train_minocc100
2015,0.9800583657587548,2033,0.9888132295719845,2056,18,0.8754863813229572,0.008933002481389578,oneOf,factorized,parent_pool,2056,test,23,clean_parent_train_minocc100
31275,0.870757579976056,31479,0.8764373416488014,35917,204,0.5679761672745497,0.006522781774580336,single,factorized,parent_pool,35917,test,4438,clean_parent_train_minocc100
8769,0.9862782589135081,8781,0.9876279383646384,8891,12,0.13496794511303564,0.0013684570646595963,symmetric,factorized,parent_pool,8891,test,110,clean_parent_train_minocc100
28589,0.9529349021699277,28716,0.9571680943968535,30001,127,0.42331922269257694,0.0044422680051768165,type,factorized,parent_pool,30001,test,1285,clean_parent_train_minocc100
25036,0.8345055164827839,25262,0.8420385987133763,30001,226,0.7533082230592314,0.009027001118389518,valueRequiresStatement,factorized,parent_pool,30001,test,4739,clean_parent_train_minocc100
28809,0.9603,28933,0.9644333333333334,30000,124,0.41333333333333333,0.0043042104897775,valueType,factorized,parent_pool,30000,test,1067,clean_parent_train_minocc100
132465,0.940421846269621,132745,0.9424096779002819,140857,280,0.19878316306608831,0.0021137659004265277,conflictWith,factorized,parent_pool,140857,train,8112,clean_parent_train_minocc100
310262,0.9711286253544756,310279,0.9711818358237919,319486,17,0.005321046931633937,5.479240126086985e-05,distinct,factorized,parent_pool,319486,train,9207,clean_parent_train_minocc100
96083,0.9781929244082463,96274,0.9801374395520489,98225,191,0.19445151438024944,0.0019878646586805157,inverse,factorized,parent_pool,98225,train,1951,clean_parent_train_minocc100
77228,0.551624631252634,80065,0.5718887722230556,140001,2837,2.026414097042164,0.03673538094991454,itemRequiresStatement,factorized,parent_pool,140001,train,59936,clean_parent_train_minocc100
9532,0.9933305543976657,9533,0.9934347644852022,9596,1,0.010421008753647354,0.0001049097775912715,oneOf,factorized,parent_pool,9596,train,63,clean_parent_train_minocc100
146370,0.873266830537193,147347,0.87909576879937,167612,977,0.5828938262176933,0.0066748650679784105,single,factorized,parent_pool,167612,train,20265,clean_parent_train_minocc100
41131,0.9845605132133283,41195,0.9860924932975871,41776,64,0.15319800842589046,0.0015560039872602174,symmetric,factorized,parent_pool,41776,train,581,clean_parent_train_minocc100
133493,0.9535146177527304,133998,0.9571217348447512,140001,505,0.3607117092020771,0.003782969893552471,type,factorized,parent_pool,140001,train,6003,clean_parent_train_minocc100
116604,0.8328857142857143,117685,0.8406071428571429,140000,1081,0.7721428571428571,0.009270693972762513,valueRequiresStatement,factorized,parent_pool,140000,train,22315,clean_parent_train_minocc100
134503,0.9607288519367719,135021,0.9644288255083893,140001,518,0.36999735716173454,0.0038512152145305308,valueType,factorized,parent_pool,140001,train,4980,clean_parent_train_minocc100
28375,0.9400675854757488,28450,0.9425523456135702,30184,75,0.24847601378213624,0.0026431718061674008,conflictWith,factorized,parent_pool,30184,val,1734,clean_parent_train_minocc100
66473,0.9709615693606579,66475,0.9709907830735748,68461,2,0.0029213712916843168,3.0087403908353766e-05,distinct,factorized,parent_pool,68461,val,1986,clean_parent_train_minocc100
20567,0.97868189388532,20621,0.9812514870330716,21015,54,0.2569593147751606,0.002625565225847231,inverse,factorized,parent_pool,21015,val,394,clean_parent_train_minocc100
16418,0.5472666666666667,17070,0.569,30000,652,2.1733333333333333,0.03971251065903277,itemRequiresStatement,factorized,parent_pool,30000,val,12930,clean_parent_train_minocc100
2025,0.9844433641225085,2043,0.9931939718035975,2057,18,0.8750607681088964,0.008888888888888889,oneOf,factorized,parent_pool,2057,val,14,clean_parent_train_minocc100
31291,0.8712030514798007,31505,0.8771612328423866,35917,214,0.5958181362585963,0.00683902719631843,single,factorized,parent_pool,35917,val,4412,clean_parent_train_minocc100
8853,0.9853088480801335,8875,0.9877573734001113,8985,22,0.24485253199777407,0.0024850333220377274,symmetric,factorized,parent_pool,8985,val,110,clean_parent_train_minocc100
28653,0.9551,28736,0.9578666666666666,30000,83,0.27666666666666667,0.0028967298363173142,type,factorized,parent_pool,30000,val,1264,clean_parent_train_minocc100
24961,0.8320333333333333,25193,0.8397666666666667,30000,232,0.7733333333333333,0.009294499419093787,valueRequiresStatement,factorized,parent_pool,30000,val,4807,clean_parent_train_minocc100
28801,0.9600333333333333,28934,0.9644666666666667,30000,133,0.44333333333333336,0.004617895211971807,valueType,factorized,parent_pool,30000,val,1066,clean_parent_train_minocc100
855434,0.8953626995881327,860095,0.9002412589425427,955405,4661,0.487855935440991,0.005448696217358674,overall,passive,existing_sample,955405,overall,95310,existing_train_val_minocc100
128026,0.8933126796728906,128759,0.8984272516676435,143316,733,0.5114571994752853,0.00572539952822083,overall,passive,existing_sample,143316,test,14557,existing_train_val_minocc100
598857,0.8954482721496937,602110,0.9003123602864325,668779,3253,0.48640881367387434,0.005432014654583648,overall,passive,existing_sample,668779,train,66669,existing_train_val_minocc100
128551,0.8970134673086316,129226,0.9017235363896449,143310,675,0.47100690810131884,0.005250834299227544,overall,passive,existing_sample,143310,val,14084,existing_train_val_minocc100
94608,0.9403252097165348,94800,0.9422335307915557,100612,192,0.19083210750208723,0.0020294266869609334,conflictWith,passive,existing_sample,100612,overall,5812,existing_train_val_minocc100
221611,0.9710921615368436,221621,0.9711359812101241,228208,10,0.004381967328051602,4.5124113875213773e-05,distinct,passive,existing_sample,228208,overall,6587,existing_train_val_minocc100
68861,0.9786813717826637,69011,0.9808132346043973,70361,150,0.21318628217336308,0.0021783012154920783,inverse,passive,existing_sample,70361,overall,1350,existing_train_val_minocc100
55114,0.5511455114551146,57171,0.5717157171571716,99999,2057,2.057020570205702,0.037322640345465764,itemRequiresStatement,passive,existing_sample,99999,overall,42828,existing_train_val_minocc100
6795,0.9912472647702407,6803,0.9924142961342086,6855,8,0.11670313639679067,0.001177336276674025,oneOf,passive,existing_sample,6855,overall,52,existing_train_val_minocc100
104515,0.8729734470402513,105193,0.8786365192987146,119723,678,0.5663072258463286,0.006487107113811415,single,passive,existing_sample,119723,overall,14530,existing_train_val_minocc100
29206,0.9852911409486539,29252,0.9868429930504015,29642,46,0.15518521017475204,0.0015750188317469012,symmetric,passive,existing_sample,29642,overall,390,existing_train_val_minocc100
95427,0.9542413727588173,95792,0.9578912632621022,100003,365,0.36498905032849016,0.003824913284500194,type,passive,existing_sample,100003,overall,4211,existing_train_val_minocc100
83223,0.8322133557328854,83982,0.8398032039359212,100002,759,0.7589848203035939,0.009120074979272558,valueRequiresStatement,passive,existing_sample,100002,overall,16020,existing_train_val_minocc100
96074,0.96074,96470,0.9647,100000,396,0.396,0.00412182276162125,valueType,passive,existing_sample,100000,overall,3530,existing_train_val_minocc100
14186,0.9399059166501027,14217,0.9419598489365931,15093,31,0.2053932286490426,0.0021852530664034963,conflictWith,passive,existing_sample,15093,test,876,existing_train_val_minocc100
33226,0.970612292591727,33226,0.970612292591727,34232,0,0.0,0.0,distinct,passive,existing_sample,34232,test,1006,existing_train_val_minocc100
10380,0.9806329711856401,10402,0.9827113840340104,10585,22,0.20784128483703354,0.002119460500963391,inverse,passive,existing_sample,10585,test,183,existing_train_val_minocc100
8102,0.5401333333333334,8421,0.5614,15000,319,2.1266666666666665,0.03937299432238953,itemRequiresStatement,passive,existing_sample,15000,test,6579,existing_train_val_minocc100
1010,0.9824902723735408,1018,0.9902723735408561,1028,8,0.7782101167315175,0.007920792079207921,oneOf,passive,existing_sample,1028,test,10,existing_train_val_minocc100
15608,0.8691391023499276,15707,0.8746519656977392,17958,99,0.5512863347811561,0.0063429010763710915,single,passive,existing_sample,17958,test,2251,existing_train_val_minocc100
4353,0.985733695652174,4357,0.9866394927536232,4416,4,0.09057971014492754,0.0009189065012634965,symmetric,passive,existing_sample,4416,test,59,existing_train_val_minocc100
14282,0.9520063991467804,14349,0.9564724703372883,15002,67,0.4466071190507932,0.004691219717126453,type,passive,existing_sample,15002,test,653,existing_train_val_minocc100
12483,0.8320335932813437,12605,0.8401653002732786,15003,122,0.8131706991934946,0.009773291676680285,valueRequiresStatement,passive,existing_sample,15003,test,2398,existing_train_val_minocc100
14396,0.9597973198213214,14457,0.9638642576171744,14999,61,0.40669377958530567,0.00423728813559322,valueType,passive,existing_sample,14999,test,542,existing_train_val_minocc100
66210,0.9401223962400784,66341,0.9419824783108751,70427,131,0.18600820707967114,0.0019785530886573025,conflictWith,passive,existing_sample,70427,train,4086,existing_train_val_minocc100
155110,0.9709971641949882,155119,0.9710535046919114,159743,9,0.005634049692318286,5.802333827606215e-05,distinct,passive,existing_sample,159743,train,4624,existing_train_val_minocc100
48187,0.978277199179812,48292,0.9804088758958117,49257,105,0.21316767159997563,0.002179010936559653,inverse,passive,existing_sample,49257,train,965,existing_train_val_minocc100
38643,0.5520349709289867,40078,0.5725346780760275,70001,1435,2.0499707147040755,0.03713479802292783,itemRequiresStatement,passive,existing_sample,70001,train,29923,existing_train_val_minocc100
4765,0.9931221342225928,4765,0.9931221342225928,4798,0,0.0,0.0,oneOf,passive,existing_sample,4798,train,33,existing_train_val_minocc100
73185,0.8732564105623635,73659,0.87891226269882,83807,474,0.5655852136456382,0.006476737036277926,single,passive,existing_sample,83807,train,10148,existing_train_val_minocc100
20431,0.9848638226078573,20462,0.9863581585924319,20745,31,0.14943359845745963,0.0015173021389065637,symmetric,passive,existing_sample,20745,train,283,existing_train_val_minocc100
66795,0.9542142857142857,67053,0.9579,70000,258,0.36857142857142855,0.0038625645632158097,type,passive,existing_sample,70000,train,2947,existing_train_val_minocc100
58264,0.8323428571428572,58806,0.8400857142857143,70000,542,0.7742857142857142,0.009302485239599066,valueRequiresStatement,passive,existing_sample,70000,train,11194,existing_train_val_minocc100
67267,0.9609434150940701,67535,0.9647719318295452,70001,268,0.38285167354752075,0.003984122972631453,valueType,passive,existing_sample,70001,train,2466,existing_train_val_minocc100
14212,0.9416909620991254,14242,0.9436787702093824,15092,30,0.198780811025709,0.0021108922037714607,conflictWith,passive,existing_sample,15092,val,850,existing_train_val_minocc100
33275,0.9720153068676424,33276,0.9720445184471125,34233,1,0.002921157947010195,3.005259203606311e-05,distinct,passive,existing_sample,34233,val,957,existing_train_val_minocc100
10294,0.97861013404316,10317,0.9807966536743037,10519,23,0.2186519631143645,0.0022343112492714205,inverse,passive,existing_sample,10519,val,202,existing_train_val_minocc100
8369,0.558007734364582,8672,0.5782104280570742,14998,303,2.0202693692492333,0.03620504241844904,itemRequiresStatement,passive,existing_sample,14998,val,6326,existing_train_val_minocc100
1020,0.9912536443148688,1020,0.9912536443148688,1029,0,0.0,0.0,oneOf,passive,existing_sample,1029,val,9,existing_train_val_minocc100
15722,0.8754872480231651,15827,0.8813342243011472,17958,105,0.5846976277981958,0.006678539626001781,single,passive,existing_sample,17958,val,2131,existing_train_val_minocc100
4422,0.9868332961392546,4433,0.9892881053336309,4481,11,0.24548091943762554,0.0024875621890547263,symmetric,passive,existing_sample,4481,val,48,existing_train_val_minocc100
14350,0.9566028931404573,14390,0.9592693820411973,15001,40,0.26664889007399506,0.0027874564459930314,type,passive,existing_sample,15001,val,611,existing_train_val_minocc100
12476,0.8317887859190612,12571,0.8381225415027669,14999,95,0.633375558370558,0.007614620070535428,valueRequiresStatement,passive,existing_sample,14999,val,2428,existing_train_val_minocc100
14411,0.9607333333333333,14478,0.9652,15000,67,0.44666666666666666,0.004649226285476372,valueType,passive,existing_sample,15000,val,522,existing_train_val_minocc100
855434,0.8953626995881327,860114,0.9002611457968087,955405,4680,0.4898446208675902,0.00547090716525179,overall,factorized,existing_sample,955405,overall,95291,existing_train_val_minocc100
128026,0.8933126796728906,128778,0.8985598258394039,143316,752,0.524714616651316,0.005873806882976895,overall,factorized,existing_sample,143316,test,14538,existing_train_val_minocc100
598857,0.8954482721496937,602110,0.9003123602864325,668779,3253,0.48640881367387434,0.005432014654583648,overall,factorized,existing_sample,668779,train,66669,existing_train_val_minocc100
128551,0.8970134673086316,129226,0.9017235363896449,143310,675,0.47100690810131884,0.005250834299227544,overall,factorized,existing_sample,143310,val,14084,existing_train_val_minocc100
94608,0.9403252097165348,94800,0.9422335307915557,100612,192,0.19083210750208723,0.0020294266869609334,conflictWith,factorized,existing_sample,100612,overall,5812,existing_train_val_minocc100
221611,0.9710921615368436,221621,0.9711359812101241,228208,10,0.004381967328051602,4.5124113875213773e-05,distinct,factorized,existing_sample,228208,overall,6587,existing_train_val_minocc100
68861,0.9786813717826637,69011,0.9808132346043973,70361,150,0.21318628217336308,0.0021783012154920783,inverse,factorized,existing_sample,70361,overall,1350,existing_train_val_minocc100
55114,0.5511455114551146,57183,0.5718357183571836,99999,2069,2.069020690206902,0.03754037086765613,itemRequiresStatement,factorized,existing_sample,99999,overall,42816,existing_train_val_minocc100
6795,0.9912472647702407,6803,0.9924142961342086,6855,8,0.11670313639679067,0.001177336276674025,oneOf,factorized,existing_sample,6855,overall,52,existing_train_val_minocc100
104515,0.8729734470402513,105193,0.8786365192987146,119723,678,0.5663072258463286,0.006487107113811415,single,factorized,existing_sample,119723,overall,14530,existing_train_val_minocc100
29206,0.9852911409486539,29252,0.9868429930504015,29642,46,0.15518521017475204,0.0015750188317469012,symmetric,factorized,existing_sample,29642,overall,390,existing_train_val_minocc100
95427,0.9542413727588173,95795,0.9579212623621292,100003,368,0.36798896033119005,0.003856350927934442,type,factorized,existing_sample,100003,overall,4208,existing_train_val_minocc100
83223,0.8322133557328854,83984,0.8398232035359293,100002,761,0.7609847803043939,0.009144106797399758,valueRequiresStatement,factorized,existing_sample,100002,overall,16018,existing_train_val_minocc100
96074,0.96074,96472,0.96472,100000,398,0.398,0.004142640048296105,valueType,factorized,existing_sample,100000,overall,3528,existing_train_val_minocc100
14186,0.9399059166501027,14217,0.9419598489365931,15093,31,0.2053932286490426,0.0021852530664034963,conflictWith,factorized,existing_sample,15093,test,876,existing_train_val_minocc100
33226,0.970612292591727,33226,0.970612292591727,34232,0,0.0,0.0,distinct,factorized,existing_sample,34232,test,1006,existing_train_val_minocc100
10380,0.9806329711856401,10402,0.9827113840340104,10585,22,0.20784128483703354,0.002119460500963391,inverse,factorized,existing_sample,10585,test,183,existing_train_val_minocc100
8102,0.5401333333333334,8433,0.5622,15000,331,2.2066666666666666,0.040854110096272524,itemRequiresStatement,factorized,existing_sample,15000,test,6567,existing_train_val_minocc100
1010,0.9824902723735408,1018,0.9902723735408561,1028,8,0.7782101167315175,0.007920792079207921,oneOf,factorized,existing_sample,1028,test,10,existing_train_val_minocc100
15608,0.8691391023499276,15707,0.8746519656977392,17958,99,0.5512863347811561,0.0063429010763710915,single,factorized,existing_sample,17958,test,2251,existing_train_val_minocc100
4353,0.985733695652174,4357,0.9866394927536232,4416,4,0.09057971014492754,0.0009189065012634965,symmetric,factorized,existing_sample,4416,test,59,existing_train_val_minocc100
14282,0.9520063991467804,14352,0.9566724436741768,15002,70,0.4666044527396347,0.004901274331326145,type,factorized,existing_sample,15002,test,650,existing_train_val_minocc100
12483,0.8320335932813437,12607,0.8402986069452776,15003,124,0.826501366393388,0.009933509573019306,valueRequiresStatement,factorized,existing_sample,15003,test,2396,existing_train_val_minocc100
14396,0.9597973198213214,14459,0.9639975998399893,14999,63,0.4200280018667911,0.0043762156154487355,valueType,factorized,existing_sample,14999,test,540,existing_train_val_minocc100
66210,0.9401223962400784,66341,0.9419824783108751,70427,131,0.18600820707967114,0.0019785530886573025,conflictWith,factorized,existing_sample,70427,train,4086,existing_train_val_minocc100
155110,0.9709971641949882,155119,0.9710535046919114,159743,9,0.005634049692318286,5.802333827606215e-05,distinct,factorized,existing_sample,159743,train,4624,existing_train_val_minocc100
48187,0.978277199179812,48292,0.9804088758958117,49257,105,0.21316767159997563,0.002179010936559653,inverse,factorized,existing_sample,49257,train,965,existing_train_val_minocc100
38643,0.5520349709289867,40078,0.5725346780760275,70001,1435,2.0499707147040755,0.03713479802292783,itemRequiresStatement,factorized,existing_sample,70001,train,29923,existing_train_val_minocc100
4765,0.9931221342225928,4765,0.9931221342225928,4798,0,0.0,0.0,oneOf,factorized,existing_sample,4798,train,33,existing_train_val_minocc100
73185,0.8732564105623635,73659,0.87891226269882,83807,474,0.5655852136456382,0.006476737036277926,single,factorized,existing_sample,83807,train,10148,existing_train_val_minocc100
20431,0.9848638226078573,20462,0.9863581585924319,20745,31,0.14943359845745963,0.0015173021389065637,symmetric,factorized,existing_sample,20745,train,283,existing_train_val_minocc100
66795,0.9542142857142857,67053,0.9579,70000,258,0.36857142857142855,0.0038625645632158097,type,factorized,existing_sample,70000,train,2947,existing_train_val_minocc100
58264,0.8323428571428572,58806,0.8400857142857143,70000,542,0.7742857142857142,0.009302485239599066,valueRequiresStatement,factorized,existing_sample,70000,train,11194,existing_train_val_minocc100
67267,0.9609434150940701,67535,0.9647719318295452,70001,268,0.38285167354752075,0.003984122972631453,valueType,factorized,existing_sample,70001,train,2466,existing_train_val_minocc100
14212,0.9416909620991254,14242,0.9436787702093824,15092,30,0.198780811025709,0.0021108922037714607,conflictWith,factorized,existing_sample,15092,val,850,existing_train_val_minocc100
33275,0.9720153068676424,33276,0.9720445184471125,34233,1,0.002921157947010195,3.005259203606311e-05,distinct,factorized,existing_sample,34233,val,957,existing_train_val_minocc100
10294,0.97861013404316,10317,0.9807966536743037,10519,23,0.2186519631143645,0.0022343112492714205,inverse,factorized,existing_sample,10519,val,202,existing_train_val_minocc100
8369,0.558007734364582,8672,0.5782104280570742,14998,303,2.0202693692492333,0.03620504241844904,itemRequiresStatement,factorized,existing_sample,14998,val,6326,existing_train_val_minocc100
1020,0.9912536443148688,1020,0.9912536443148688,1029,0,0.0,0.0,oneOf,factorized,existing_sample,1029,val,9,existing_train_val_minocc100
15722,0.8754872480231651,15827,0.8813342243011472,17958,105,0.5846976277981958,0.006678539626001781,single,factorized,existing_sample,17958,val,2131,existing_train_val_minocc100
4422,0.9868332961392546,4433,0.9892881053336309,4481,11,0.24548091943762554,0.0024875621890547263,symmetric,factorized,existing_sample,4481,val,48,existing_train_val_minocc100
14350,0.9566028931404573,14390,0.9592693820411973,15001,40,0.26664889007399506,0.0027874564459930314,type,factorized,existing_sample,15001,val,611,existing_train_val_minocc100
12476,0.8317887859190612,12571,0.8381225415027669,14999,95,0.633375558370558,0.007614620070535428,valueRequiresStatement,factorized,existing_sample,14999,val,2428,existing_train_val_minocc100
14411,0.9607333333333333,14478,0.9652,15000,67,0.44666666666666666,0.004649226285476372,valueType,factorized,existing_sample,15000,val,522,existing_train_val_minocc100
855320,0.8952433784625369,860002,0.9001439180242934,955405,4682,0.4900539561756533,0.00547397465276154,overall,passive,existing_sample,955405,overall,95403,clean_parent_train_minocc100
128141,0.8941151022914399,128855,0.8990971001144324,143316,714,0.49819978229925477,0.005571987107951397,overall,passive,existing_sample,143316,test,14461,clean_parent_train_minocc100
598857,0.8954482721496937,602110,0.9003123602864325,668779,3253,0.48640881367387434,0.005432014654583648,overall,passive,existing_sample,668779,train,66669,clean_parent_train_minocc100
128322,0.8954155327611472,129037,0.9004047170469611,143310,715,0.49891842858139696,0.005571920637147176,overall,passive,existing_sample,143310,val,14273,clean_parent_train_minocc100
94599,0.9402357571661432,94796,0.9421937741024927,100612,197,0.1958016936349541,0.0020824744447615726,conflictWith,passive,existing_sample,100612,overall,5816,clean_parent_train_minocc100
221609,0.9710833976021874,221619,0.971127217275468,228208,10,0.004381967328051602,4.512452111601966e-05,distinct,passive,existing_sample,228208,overall,6589,clean_parent_train_minocc100
68855,0.9785960972697944,69007,0.9807563849291511,70361,152,0.2160287659356746,0.0022075375789703,inverse,passive,existing_sample,70361,overall,1354,clean_parent_train_minocc100
55073,0.5507355073550736,57130,0.5713057130571306,99999,2057,2.057020570205702,0.037350425798485645,itemRequiresStatement,passive,existing_sample,99999,overall,42869,clean_parent_train_minocc100
6790,0.9905178701677607,6803,0.9924142961342086,6855,13,0.18964259664478483,0.001914580265095729,oneOf,passive,existing_sample,6855,overall,52,clean_parent_train_minocc100
104488,0.8727479264635868,105168,0.8784277039499512,119723,680,0.5679777486364358,0.006507924354949851,single,passive,existing_sample,119723,overall,14555,clean_parent_train_minocc100
29204,0.9852236691181432,29251,0.9868092571351461,29642,47,0.15855880170029013,0.0016093685796466238,symmetric,passive,existing_sample,29642,overall,391,clean_parent_train_minocc100
95422,0.9541913742587722,95790,0.9578712638620841,100003,368,0.36798896033119005,0.0038565529961644067,type,passive,existing_sample,100003,overall,4213,clean_parent_train_minocc100
83205,0.8320333593328133,83969,0.8396732065358693,100002,764,0.7639847203055938,0.009182140496364401,valueRequiresStatement,passive,existing_sample,100002,overall,16033,clean_parent_train_minocc100
96075,0.96075,96469,0.96469,100000,394,0.394,0.00410096278948738,valueType,passive,existing_sample,100000,overall,3531,clean_parent_train_minocc100
14187,0.9399721725303121,14218,0.9420261048168025,15093,31,0.2053932286490426,0.002185099034327201,conflictWith,passive,existing_sample,15093,test,875,clean_parent_train_minocc100
33226,0.970612292591727,33226,0.970612292591727,34232,0,0.0,0.0,distinct,passive,existing_sample,34232,test,1006,clean_parent_train_minocc100
10381,0.9807274444969296,10403,0.9828058573452999,10585,22,0.20784128483703354,0.0021192563336865427,inverse,passive,existing_sample,10585,test,182,clean_parent_train_minocc100
8165,0.5443333333333333,8477,0.5651333333333334,15000,312,2.08,0.03821187997550521,itemRequiresStatement,passive,existing_sample,15000,test,6523,clean_parent_train_minocc100
1014,0.9863813229571985,1018,0.9902723735408561,1028,4,0.38910505836575876,0.0039447731755424065,oneOf,passive,existing_sample,1028,test,10,clean_parent_train_minocc100
15615,0.8695289007684598,15713,0.8749860786279096,17958,98,0.5457177859449828,0.00627601665065642,single,passive,existing_sample,17958,test,2245,clean_parent_train_minocc100
4354,0.9859601449275363,4358,0.9868659420289855,4416,4,0.09057971014492754,0.0009186954524575103,symmetric,passive,existing_sample,4416,test,58,clean_parent_train_minocc100
14293,0.9527396347153713,14359,0.9571390481269164,15002,66,0.4399413411545127,0.004617645001049464,type,passive,existing_sample,15002,test,643,clean_parent_train_minocc100
12499,0.8331000466573352,12619,0.8410984469772712,15003,120,0.7998400319936013,0.009600768061444916,valueRequiresStatement,passive,existing_sample,15003,test,2384,clean_parent_train_minocc100
14407,0.9605307020468031,14464,0.9643309553970265,14999,57,0.3800253350223348,0.003956410078434095,valueType,passive,existing_sample,14999,test,535,clean_parent_train_minocc100
66210,0.9401223962400784,66341,0.9419824783108751,70427,131,0.18600820707967114,0.0019785530886573025,conflictWith,passive,existing_sample,70427,train,4086,clean_parent_train_minocc100
155110,0.9709971641949882,155119,0.9710535046919114,159743,9,0.005634049692318286,5.802333827606215e-05,distinct,passive,existing_sample,159743,train,4624,clean_parent_train_minocc100
48187,0.978277199179812,48292,0.9804088758958117,49257,105,0.21316767159997563,0.002179010936559653,inverse,passive,existing_sample,49257,train,965,clean_parent_train_minocc100
38643,0.5520349709289867,40078,0.5725346780760275,70001,1435,2.0499707147040755,0.03713479802292783,itemRequiresStatement,passive,existing_sample,70001,train,29923,clean_parent_train_minocc100
4765,0.9931221342225928,4765,0.9931221342225928,4798,0,0.0,0.0,oneOf,passive,existing_sample,4798,train,33,clean_parent_train_minocc100
73185,0.8732564105623635,73659,0.87891226269882,83807,474,0.5655852136456382,0.006476737036277926,single,passive,existing_sample,83807,train,10148,clean_parent_train_minocc100
20431,0.9848638226078573,20462,0.9863581585924319,20745,31,0.14943359845745963,0.0015173021389065637,symmetric,passive,existing_sample,20745,train,283,clean_parent_train_minocc100
66795,0.9542142857142857,67053,0.9579,70000,258,0.36857142857142855,0.0038625645632158097,type,passive,existing_sample,70000,train,2947,clean_parent_train_minocc100
58264,0.8323428571428572,58806,0.8400857142857143,70000,542,0.7742857142857142,0.009302485239599066,valueRequiresStatement,passive,existing_sample,70000,train,11194,clean_parent_train_minocc100
67267,0.9609434150940701,67535,0.9647719318295452,70001,268,0.38285167354752075,0.003984122972631453,valueType,passive,existing_sample,70001,train,2466,clean_parent_train_minocc100
14202,0.9410283593957063,14237,0.943347468857673,15092,35,0.23191094619666047,0.0024644416279397266,conflictWith,passive,existing_sample,15092,val,855,clean_parent_train_minocc100
33273,0.9719568837087021,33274,0.9719860952881723,34233,1,0.002921157947010195,3.00543984612148e-05,distinct,passive,existing_sample,34233,val,959,clean_parent_train_minocc100
10287,0.9779446715467249,10312,0.9803213233197072,10519,25,0.23766517729822226,0.002430251774083795,inverse,passive,existing_sample,10519,val,207,clean_parent_train_minocc100
8265,0.5510734764635284,8575,0.5717428990532071,14998,310,2.0669422589678623,0.03750756200846945,itemRequiresStatement,passive,existing_sample,14998,val,6423,clean_parent_train_minocc100
1011,0.9825072886297376,1020,0.9912536443148688,1029,9,0.8746355685131195,0.008902077151335312,oneOf,passive,existing_sample,1029,val,9,clean_parent_train_minocc100
15688,0.8735939414188663,15796,0.8796079741619334,17958,108,0.6014032743067157,0.006884242733299337,single,passive,existing_sample,17958,val,2162,clean_parent_train_minocc100
4419,0.9861638027226065,4431,0.9888417763891988,4481,12,0.2677973666592279,0.0027155465037338763,symmetric,passive,existing_sample,4481,val,50,clean_parent_train_minocc100
14334,0.9555362975801613,14378,0.9584694353709753,15001,44,0.29331377908139455,0.0030696246686200642,type,passive,existing_sample,15001,val,623,clean_parent_train_minocc100
12442,0.8295219681312087,12544,0.8363224214947663,14999,102,0.680045336355757,0.008198038900498313,valueRequiresStatement,passive,existing_sample,14999,val,2455,clean_parent_train_minocc100
14401,0.9600666666666666,14470,0.9646666666666667,15000,69,0.46,0.0047913339351433925,valueType,passive,existing_sample,15000,val,530,clean_parent_train_minocc100
855320,0.8952433784625369,860036,0.9001795050266641,955405,4716,0.4936126564127255,0.005513725856989197,overall,factorized,existing_sample,955405,overall,95369,clean_parent_train_minocc100
128141,0.8941151022914399,128871,0.8992087415222306,143316,730,0.5093639230790701,0.0056968495641519885,overall,factorized,existing_sample,143316,test,14445,clean_parent_train_minocc100
598857,0.8954482721496937,602110,0.9003123602864325,668779,3253,0.48640881367387434,0.005432014654583648,overall,factorized,existing_sample,668779,train,66669,clean_parent_train_minocc100
128322,0.8954155327611472,129055,0.9005303188891215,143310,733,0.5114786127974321,0.005712192765075358,overall,factorized,existing_sample,143310,val,14255,clean_parent_train_minocc100
94599,0.9402357571661432,94796,0.9421937741024927,100612,197,0.1958016936349541,0.0020824744447615726,conflictWith,factorized,existing_sample,100612,overall,5816,clean_parent_train_minocc100
221609,0.9710833976021874,221619,0.971127217275468,228208,10,0.004381967328051602,4.512452111601966e-05,distinct,factorized,existing_sample,228208,overall,6589,clean_parent_train_minocc100
68855,0.9785960972697944,69009,0.9807848097667742,70361,154,0.2188712496979861,0.0022365841260620144,inverse,factorized,existing_sample,70361,overall,1352,clean_parent_train_minocc100
55073,0.5507355073550736,57153,0.5715357153571535,99999,2080,2.0800208002080023,0.03776805331105987,itemRequiresStatement,factorized,existing_sample,99999,overall,42846,clean_parent_train_minocc100
6790,0.9905178701677607,6803,0.9924142961342086,6855,13,0.18964259664478483,0.001914580265095729,oneOf,factorized,existing_sample,6855,overall,52,clean_parent_train_minocc100
104488,0.8727479264635868,105170,0.8784444091778522,119723,682,0.569648271426543,0.006527065308934998,single,factorized,existing_sample,119723,overall,14553,clean_parent_train_minocc100
29204,0.9852236691181432,29251,0.9868092571351461,29642,47,0.15855880170029013,0.0016093685796466238,symmetric,factorized,existing_sample,29642,overall,391,clean_parent_train_minocc100
95422,0.9541913742587722,95791,0.9578812635620931,100003,369,0.36898893033209,0.00386703275974094,type,factorized,existing_sample,100003,overall,4212,clean_parent_train_minocc100
83205,0.8320333593328133,83974,0.8397232055358893,100002,769,0.7689846203075938,0.009242233038879876,valueRequiresStatement,factorized,existing_sample,100002,overall,16028,clean_parent_train_minocc100
96075,0.96075,96470,0.9647,100000,395,0.395,0.004111371324486079,valueType,factorized,existing_sample,100000,overall,3530,clean_parent_train_minocc100
14187,0.9399721725303121,14218,0.9420261048168025,15093,31,0.2053932286490426,0.002185099034327201,conflictWith,factorized,existing_sample,15093,test,875,clean_parent_train_minocc100
33226,0.970612292591727,33226,0.970612292591727,34232,0,0.0,0.0,distinct,factorized,existing_sample,34232,test,1006,clean_parent_train_minocc100
10381,0.9807274444969296,10403,0.9828058573452999,10585,22,0.20784128483703354,0.0021192563336865427,inverse,factorized,existing_sample,10585,test,182,clean_parent_train_minocc100
8165,0.5443333333333333,8488,0.5658666666666666,15000,323,2.1533333333333333,0.03955909369259032,itemRequiresStatement,factorized,existing_sample,15000,test,6512,clean_parent_train_minocc100
1014,0.9863813229571985,1018,0.9902723735408561,1028,4,0.38910505836575876,0.0039447731755424065,oneOf,factorized,existing_sample,1028,test,10,clean_parent_train_minocc100
15615,0.8695289007684598,15714,0.8750417641162713,17958,99,0.5512863347811561,0.006340057636887608,single,factorized,existing_sample,17958,test,2244,clean_parent_train_minocc100
4354,0.9859601449275363,4358,0.9868659420289855,4416,4,0.09057971014492754,0.0009186954524575103,symmetric,factorized,existing_sample,4416,test,58,clean_parent_train_minocc100
14293,0.9527396347153713,14360,0.9572057059058792,15002,67,0.4466071190507932,0.004687609319247184,type,factorized,existing_sample,15002,test,642,clean_parent_train_minocc100
12499,0.8331000466573352,12621,0.8412317536492702,15003,122,0.8131706991934946,0.009760780862468997,valueRequiresStatement,factorized,existing_sample,15003,test,2382,clean_parent_train_minocc100
14407,0.9605307020468031,14465,0.9643976265084339,14999,58,0.3866924461630775,0.004025820781564517,valueType,factorized,existing_sample,14999,test,534,clean_parent_train_minocc100
66210,0.9401223962400784,66341,0.9419824783108751,70427,131,0.18600820707967114,0.0019785530886573025,conflictWith,factorized,existing_sample,70427,train,4086,clean_parent_train_minocc100
155110,0.9709971641949882,155119,0.9710535046919114,159743,9,0.005634049692318286,5.802333827606215e-05,distinct,factorized,existing_sample,159743,train,4624,clean_parent_train_minocc100
48187,0.978277199179812,48292,0.9804088758958117,49257,105,0.21316767159997563,0.002179010936559653,inverse,factorized,existing_sample,49257,train,965,clean_parent_train_minocc100
38643,0.5520349709289867,40078,0.5725346780760275,70001,1435,2.0499707147040755,0.03713479802292783,itemRequiresStatement,factorized,existing_sample,70001,train,29923,clean_parent_train_minocc100
4765,0.9931221342225928,4765,0.9931221342225928,4798,0,0.0,0.0,oneOf,factorized,existing_sample,4798,train,33,clean_parent_train_minocc100
73185,0.8732564105623635,73659,0.87891226269882,83807,474,0.5655852136456382,0.006476737036277926,single,factorized,existing_sample,83807,train,10148,clean_parent_train_minocc100
20431,0.9848638226078573,20462,0.9863581585924319,20745,31,0.14943359845745963,0.0015173021389065637,symmetric,factorized,existing_sample,20745,train,283,clean_parent_train_minocc100
66795,0.9542142857142857,67053,0.9579,70000,258,0.36857142857142855,0.0038625645632158097,type,factorized,existing_sample,70000,train,2947,clean_parent_train_minocc100
58264,0.8323428571428572,58806,0.8400857142857143,70000,542,0.7742857142857142,0.009302485239599066,valueRequiresStatement,factorized,existing_sample,70000,train,11194,clean_parent_train_minocc100
67267,0.9609434150940701,67535,0.9647719318295452,70001,268,0.38285167354752075,0.003984122972631453,valueType,factorized,existing_sample,70001,train,2466,clean_parent_train_minocc100
14202,0.9410283593957063,14237,0.943347468857673,15092,35,0.23191094619666047,0.0024644416279397266,conflictWith,factorized,existing_sample,15092,val,855,clean_parent_train_minocc100
33273,0.9719568837087021,33274,0.9719860952881723,34233,1,0.002921157947010195,3.00543984612148e-05,distinct,factorized,existing_sample,34233,val,959,clean_parent_train_minocc100
10287,0.9779446715467249,10314,0.9805114554615457,10519,27,0.25667839148208005,0.0026246719160104987,inverse,factorized,existing_sample,10519,val,205,clean_parent_train_minocc100
8265,0.5510734764635284,8587,0.5725430057340979,14998,322,2.1469529270569407,0.03895946763460375,itemRequiresStatement,factorized,existing_sample,14998,val,6411,clean_parent_train_minocc100
1011,0.9825072886297376,1020,0.9912536443148688,1029,9,0.8746355685131195,0.008902077151335312,oneOf,factorized,existing_sample,1029,val,9,clean_parent_train_minocc100
15688,0.8735939414188663,15797,0.8796636596502951,17958,109,0.606971823142889,0.006947985721570627,single,factorized,existing_sample,17958,val,2161,clean_parent_train_minocc100
4419,0.9861638027226065,4431,0.9888417763891988,4481,12,0.2677973666592279,0.0027155465037338763,symmetric,factorized,existing_sample,4481,val,50,clean_parent_train_minocc100
14334,0.9555362975801613,14378,0.9584694353709753,15001,44,0.29331377908139455,0.0030696246686200642,type,factorized,existing_sample,15001,val,623,clean_parent_train_minocc100
12442,0.8295219681312087,12547,0.8365224348289886,14999,105,0.7000466697779852,0.00843915769168944,valueRequiresStatement,factorized,existing_sample,14999,val,2452,clean_parent_train_minocc100
14401,0.9600666666666666,14470,0.9646666666666667,15000,69,0.46,0.0047913339351433925,valueType,factorized,existing_sample,15000,val,530,clean_parent_train_minocc100
853621,0.8934800379740608,858573,0.8986632670043302,955389,4952,0.5183229030269346,0.005801169371418932,overall,passive,previously_discarded,955389,overall,96816,existing_train_val_minocc100
128179,0.8944551443086027,128922,0.8996399263105007,143304,743,0.5184782001898063,0.00579658134327776,overall,passive,previously_discarded,143304,test,14382,existing_train_val_minocc100
597423,0.8933080732562173,600881,0.8984787133509575,668776,3458,0.5170640094740242,0.005788193624952504,overall,passive,previously_discarded,668776,train,67895,existing_train_val_minocc100
128019,0.8933074684772065,128770,0.8985478930143954,143309,751,0.5240424537188871,0.005866316718612081,overall,passive,previously_discarded,143309,val,14539,existing_train_val_minocc100
94588,0.9401170822855893,94845,0.9426714241698388,100613,257,0.255434188424955,0.002717046559817313,conflictWith,passive,previously_discarded,100613,overall,5768,existing_train_val_minocc100
221588,0.97102116116932,221599,0.9710693642885001,228201,11,0.0048203119180021126,4.964167734714876e-05,distinct,passive,previously_discarded,228201,overall,6602,existing_train_val_minocc100
68467,0.9782677030348059,68605,0.9802394696233641,69988,138,0.19717665885580385,0.002015569544452072,inverse,passive,previously_discarded,69988,overall,1383,existing_train_val_minocc100
54149,0.5414845851541484,56259,0.5625843741562584,100001,2110,2.109978900210998,0.03896655524571091,itemRequiresStatement,passive,previously_discarded,100001,overall,43742,existing_train_val_minocc100
6728,0.9816165742632039,6802,0.9924131893784651,6854,74,1.0796615115261161,0.010998810939357907,oneOf,passive,previously_discarded,6854,overall,52,existing_train_val_minocc100
104233,0.8706180099062002,104971,0.8767822390016956,119723,738,0.6164229095495435,0.0070802912705189335,single,passive,previously_discarded,119723,overall,14752,existing_train_val_minocc100
29533,0.984105298233922,29591,0.9860379873375541,30010,58,0.19326891036321225,0.00196390478447838,symmetric,passive,previously_discarded,30010,overall,419,existing_train_val_minocc100
95177,0.951779517795178,95551,0.955519555195552,99999,374,0.3740037400374004,0.003929520787585236,type,passive,previously_discarded,99999,overall,4448,existing_train_val_minocc100
83191,0.8319183191831918,83984,0.8398483984839848,99999,793,0.7930079300793008,0.009532281136180596,valueRequiresStatement,passive,previously_discarded,99999,overall,16015,existing_train_val_minocc100
95967,0.959660403395966,96366,0.963650363496365,100001,399,0.3989960100398996,0.004157679202225765,valueType,passive,previously_discarded,100001,overall,3635,existing_train_val_minocc100
14237,0.9434099794579551,14280,0.9462593598833742,15091,43,0.2849380425419124,0.0030202992203413642,conflictWith,passive,previously_discarded,15091,test,811,existing_train_val_minocc100
33240,0.9710780017528484,33242,0.9711364300321356,34230,2,0.0058428279287175,6.016847172081829e-05,distinct,passive,previously_discarded,34230,test,988,existing_train_val_minocc100
10319,0.9805207145572026,10336,0.9821360699353858,10524,17,0.16153553781832003,0.0016474464579901153,inverse,passive,previously_discarded,10524,test,188,existing_train_val_minocc100
8120,0.5413694246283085,8435,0.5623708247216481,14999,315,2.1001400093339555,0.03879310344827586,itemRequiresStatement,passive,previously_discarded,14999,test,6564,existing_train_val_minocc100
998,0.9708171206225681,1015,0.9873540856031129,1028,17,1.6536964980544746,0.017034068136272545,oneOf,passive,previously_discarded,1028,test,13,existing_train_val_minocc100
15648,0.8713180021159307,15754,0.8772203352079737,17959,106,0.5902333092042987,0.00677402862985685,single,passive,previously_discarded,17959,test,2205,existing_train_val_minocc100
4414,0.9863687150837989,4423,0.9883798882681564,4475,9,0.2011173184357542,0.0020389669234254643,symmetric,passive,previously_discarded,4475,test,52,existing_train_val_minocc100
14282,0.9521968131208747,14344,0.9563304220281352,14999,62,0.4133608907260484,0.004341128693460299,type,passive,previously_discarded,14999,test,655,existing_train_val_minocc100
12525,0.8351113481797573,12629,0.8420456060808108,14998,104,0.6934257901053473,0.008303393213572855,valueRequiresStatement,passive,previously_discarded,14998,test,2369,existing_train_val_minocc100
14396,0.9596693553763083,14464,0.9642023865075662,15001,68,0.45330311312579163,0.004723534315087524,valueType,passive,previously_discarded,15001,test,537,existing_train_val_minocc100
66180,0.9396563964219793,66353,0.9421127360499787,70430,173,0.2456339627999432,0.00261408280447265,conflictWith,passive,previously_discarded,70430,train,4077,existing_train_val_minocc100
155149,0.971241306348322,155157,0.9712913867900315,159743,8,0.0050080441709495875,5.156333589001541e-05,distinct,passive,previously_discarded,159743,train,4586,existing_train_val_minocc100
47869,0.9775567717693188,47963,0.9794763927462833,48968,94,0.19196209769645484,0.0019636925776598635,inverse,passive,previously_discarded,48968,train,1005,existing_train_val_minocc100
37916,0.5416571428571428,39387,0.5626714285714286,70000,1471,2.1014285714285714,0.03879628652811478,itemRequiresStatement,passive,previously_discarded,70000,train,30613,existing_train_val_minocc100
4722,0.984160066694456,4765,0.9931221342225928,4798,43,0.8962067528136723,0.009106310885218127,oneOf,passive,previously_discarded,4798,train,33,existing_train_val_minocc100
72990,0.8709504206192948,73518,0.8772507606944693,83805,528,0.6300340075174512,0.007233867653103165,single,passive,previously_discarded,83805,train,10287,existing_train_val_minocc100
20688,0.9836907422376492,20725,0.9854500499262993,21031,37,0.1759307688650088,0.001788476411446249,symmetric,passive,previously_discarded,21031,train,306,existing_train_val_minocc100
66583,0.9511721261124841,66855,0.9550577848887873,70001,272,0.3885658776303196,0.004085126834176892,type,passive,previously_discarded,70001,train,3146,existing_train_val_minocc100
58151,0.8307285714285715,58718,0.8388285714285715,70000,567,0.81,0.009750477205894998,valueRequiresStatement,passive,previously_discarded,70000,train,11282,existing_train_val_minocc100
67175,0.9596428571428571,67440,0.9634285714285714,70000,265,0.37857142857142856,0.00394491998511351,valueType,passive,previously_discarded,70000,train,2560,existing_train_val_minocc100
14171,0.9389742910151073,14212,0.9416909620991254,15092,41,0.2716671084018023,0.002893232658245713,conflictWith,passive,previously_discarded,15092,val,880,existing_train_val_minocc100
33199,0.9699368937711815,33200,0.9699661096178567,34228,1,0.002921584667523665,3.0121389198469834e-05,distinct,passive,previously_discarded,34228,val,1028,existing_train_val_minocc100
10279,0.9793254573170732,10306,0.9818978658536586,10496,27,0.2572408536585366,0.0026267146609592375,inverse,passive,previously_discarded,10496,val,190,existing_train_val_minocc100
8113,0.5407945607252367,8437,0.5623916811091855,15002,324,2.1597120383948805,0.039935905337113276,itemRequiresStatement,passive,previously_discarded,15002,val,6565,existing_train_val_minocc100
1008,0.980544747081712,1022,0.9941634241245136,1028,14,1.3618677042801557,0.013888888888888888,oneOf,passive,previously_discarded,1028,val,6,existing_train_val_minocc100
15595,0.8683668355699092,15699,0.8741578038866307,17959,104,0.5790968316721421,0.006668804103879449,single,passive,previously_discarded,17959,val,2260,existing_train_val_minocc100
4431,0.9837921847246892,4443,0.9864564831261101,4504,12,0.2664298401420959,0.002708192281651997,symmetric,passive,previously_discarded,4504,val,61,existing_train_val_minocc100
14312,0.9541969464630975,14352,0.9568637909193947,14999,40,0.26668444562970867,0.002794857462269424,type,passive,previously_discarded,14999,val,647,existing_train_val_minocc100
12515,0.834277714819012,12637,0.8424105059662689,15001,122,0.8132791147256849,0.009748302037554933,valueRequiresStatement,passive,previously_discarded,15001,val,2364,existing_train_val_minocc100
14396,0.9597333333333333,14462,0.9641333333333333,15000,66,0.44,0.004584606835232009,valueType,passive,previously_discarded,15000,val,538,existing_train_val_minocc100
853621,0.8934800379740608,858717,0.898813990950283,955389,5096,0.533395297622225,0.005969862503382648,overall,factorized,previously_discarded,955389,overall,96672,existing_train_val_minocc100
128179,0.8944551443086027,128947,0.8998143806174287,143304,768,0.5359236308825992,0.005991621092378626,overall,factorized,previously_discarded,143304,test,14357,existing_train_val_minocc100
597423,0.8933080732562173,600974,0.8986177733650729,668776,3551,0.5309700108855581,0.005943862221574998,overall,factorized,previously_discarded,668776,train,67802,existing_train_val_minocc100
128019,0.8933074684772065,128796,0.8987293191634859,143309,777,0.5421850686279298,0.006069411571719823,overall,factorized,previously_discarded,143309,val,14513,existing_train_val_minocc100
94588,0.9401170822855893,94846,0.9426813632433184,100613,258,0.25642809577291203,0.002727618725419715,conflictWith,factorized,previously_discarded,100613,overall,5767,existing_train_val_minocc100
221588,0.97102116116932,221599,0.9710693642885001,228201,11,0.0048203119180021126,4.964167734714876e-05,distinct,factorized,previously_discarded,228201,overall,6602,existing_train_val_minocc100
68467,0.9782677030348059,68605,0.9802394696233641,69988,138,0.19717665885580385,0.002015569544452072,inverse,factorized,previously_discarded,69988,overall,1383,existing_train_val_minocc100
54149,0.5414845851541484,56372,0.5637143628563714,100001,2223,2.2229777702222977,0.041053389720955145,itemRequiresStatement,factorized,previously_discarded,100001,overall,43629,existing_train_val_minocc100
6728,0.9816165742632039,6802,0.9924131893784651,6854,74,1.0796615115261161,0.010998810939357907,oneOf,factorized,previously_discarded,6854,overall,52,existing_train_val_minocc100
104233,0.8706180099062002,104978,0.8768407072993494,119723,745,0.6222697393149186,0.007147448504792148,single,factorized,previously_discarded,119723,overall,14745,existing_train_val_minocc100
29533,0.984105298233922,29591,0.9860379873375541,30010,58,0.19326891036321225,0.00196390478447838,symmetric,factorized,previously_discarded,30010,overall,419,existing_train_val_minocc100
95177,0.951779517795178,95562,0.955629556295563,99999,385,0.3850038500385004,0.004045094928396566,type,factorized,previously_discarded,99999,overall,4437,existing_train_val_minocc100
83191,0.8319183191831918,83993,0.8399383993839938,99999,802,0.8020080200802008,0.00964046591578416,valueRequiresStatement,factorized,previously_discarded,99999,overall,16006,existing_train_val_minocc100
95967,0.959660403395966,96369,0.9636803631963681,100001,402,0.4019959800401996,0.004188939948107162,valueType,factorized,previously_discarded,100001,overall,3632,existing_train_val_minocc100
14237,0.9434099794579551,14281,0.9463256245444305,15091,44,0.29156450864753825,0.003090538737093489,conflictWith,factorized,previously_discarded,15091,test,810,existing_train_val_minocc100
33240,0.9710780017528484,33242,0.9711364300321356,34230,2,0.0058428279287175,6.016847172081829e-05,distinct,factorized,previously_discarded,34230,test,988,existing_train_val_minocc100
10319,0.9805207145572026,10336,0.9821360699353858,10524,17,0.16153553781832003,0.0016474464579901153,inverse,factorized,previously_discarded,10524,test,188,existing_train_val_minocc100
8120,0.5413694246283085,8453,0.5635709047269818,14999,333,2.2201480098673243,0.04100985221674877,itemRequiresStatement,factorized,previously_discarded,14999,test,6546,existing_train_val_minocc100
998,0.9708171206225681,1015,0.9873540856031129,1028,17,1.6536964980544746,0.017034068136272545,oneOf,factorized,previously_discarded,1028,test,13,existing_train_val_minocc100
15648,0.8713180021159307,15755,0.8772760175956344,17959,107,0.595801547970377,0.006837934560327198,single,factorized,previously_discarded,17959,test,2204,existing_train_val_minocc100
4414,0.9863687150837989,4423,0.9883798882681564,4475,9,0.2011173184357542,0.0020389669234254643,symmetric,factorized,previously_discarded,4475,test,52,existing_train_val_minocc100
14282,0.9521968131208747,14347,0.9565304353623575,14999,65,0.4333622241482766,0.0045511833076599915,type,factorized,previously_discarded,14999,test,652,existing_train_val_minocc100
12525,0.8351113481797573,12631,0.8421789571942926,14998,106,0.7067609014535271,0.00846307385229541,valueRequiresStatement,factorized,previously_discarded,14998,test,2367,existing_train_val_minocc100
14396,0.9596693553763083,14464,0.9642023865075662,15001,68,0.45330311312579163,0.004723534315087524,valueType,factorized,previously_discarded,15001,test,537,existing_train_val_minocc100
66180,0.9396563964219793,66353,0.9421127360499787,70430,173,0.2456339627999432,0.00261408280447265,conflictWith,factorized,previously_discarded,70430,train,4077,existing_train_val_minocc100
155149,0.971241306348322,155157,0.9712913867900315,159743,8,0.0050080441709495875,5.156333589001541e-05,distinct,factorized,previously_discarded,159743,train,4586,existing_train_val_minocc100
47869,0.9775567717693188,47963,0.9794763927462833,48968,94,0.19196209769645484,0.0019636925776598635,inverse,factorized,previously_discarded,48968,train,1005,existing_train_val_minocc100
37916,0.5416571428571428,39464,0.5637714285714286,70000,1548,2.2114285714285713,0.040827091465344446,itemRequiresStatement,factorized,previously_discarded,70000,train,30536,existing_train_val_minocc100
4722,0.984160066694456,4765,0.9931221342225928,4798,43,0.8962067528136723,0.009106310885218127,oneOf,factorized,previously_discarded,4798,train,33,existing_train_val_minocc100
72990,0.8709504206192948,73521,0.8772865580812601,83805,531,0.6336137461965277,0.007274969173859433,single,factorized,previously_discarded,83805,train,10284,existing_train_val_minocc100
20688,0.9836907422376492,20725,0.9854500499262993,21031,37,0.1759307688650088,0.001788476411446249,symmetric,factorized,previously_discarded,21031,train,306,existing_train_val_minocc100
66583,0.9511721261124841,66862,0.9551577834602363,70001,279,0.3985657347752175,0.004190258774762327,type,factorized,previously_discarded,70001,train,3139,existing_train_val_minocc100
58151,0.8307285714285715,58722,0.8388857142857142,70000,571,0.8157142857142857,0.009819263641209953,valueRequiresStatement,factorized,previously_discarded,70000,train,11278,existing_train_val_minocc100
67175,0.9596428571428571,67442,0.9634571428571429,70000,267,0.38142857142857145,0.003974692966133234,valueType,factorized,previously_discarded,70000,train,2558,existing_train_val_minocc100
14171,0.9389742910151073,14212,0.9416909620991254,15092,41,0.2716671084018023,0.002893232658245713,conflictWith,factorized,previously_discarded,15092,val,880,existing_train_val_minocc100
33199,0.9699368937711815,33200,0.9699661096178567,34228,1,0.002921584667523665,3.0121389198469834e-05,distinct,factorized,previously_discarded,34228,val,1028,existing_train_val_minocc100
10279,0.9793254573170732,10306,0.9818978658536586,10496,27,0.2572408536585366,0.0026267146609592375,inverse,factorized,previously_discarded,10496,val,190,existing_train_val_minocc100
8113,0.5407945607252367,8455,0.5635915211305159,15002,342,2.2796960405279294,0.04215456674473068,itemRequiresStatement,factorized,previously_discarded,15002,val,6547,existing_train_val_minocc100
1008,0.980544747081712,1022,0.9941634241245136,1028,14,1.3618677042801557,0.013888888888888888,oneOf,factorized,previously_discarded,1028,val,6,existing_train_val_minocc100
15595,0.8683668355699092,15702,0.874324851049613,17959,107,0.595801547970377,0.006861173453029818,single,factorized,previously_discarded,17959,val,2257,existing_train_val_minocc100
4431,0.9837921847246892,4443,0.9864564831261101,4504,12,0.2664298401420959,0.002708192281651997,symmetric,factorized,previously_discarded,4504,val,61,existing_train_val_minocc100
14312,0.9541969464630975,14353,0.956930462030802,14999,41,0.27335155677045136,0.0028647288988261597,type,factorized,previously_discarded,14999,val,646,existing_train_val_minocc100
12515,0.834277714819012,12640,0.8426104926338244,15001,125,0.8332777814812345,0.00998801438274071,valueRequiresStatement,factorized,previously_discarded,15001,val,2361,existing_train_val_minocc100
14396,0.9597333333333333,14463,0.9642,15000,67,0.44666666666666666,0.004654070575159767,valueType,factorized,previously_discarded,15000,val,537,existing_train_val_minocc100
855185,0.8951170674981604,859855,0.9000051288009386,955389,4670,0.488806130277824,0.00546080672603004,overall,passive,previously_discarded,955389,overall,95534,clean_parent_train_minocc100
128276,0.895132027019483,128997,0.9001632892312845,143304,721,0.5031262211801485,0.005620692880975397,overall,passive,previously_discarded,143304,test,14307,clean_parent_train_minocc100
598814,0.8953879923920715,602032,0.900199767934256,668776,3218,0.4811775542184528,0.005373955852735574,overall,passive,previously_discarded,668776,train,66744,clean_parent_train_minocc100
128095,0.8938377910668556,128826,0.898938657027821,143309,731,0.5100865960965466,0.0057067020570670205,overall,passive,previously_discarded,143309,val,14483,clean_parent_train_minocc100
94672,0.9409519644578732,94902,0.9432379513581743,100613,230,0.2285986900301154,0.0024294405948960623,conflictWith,passive,previously_discarded,100613,overall,5711,clean_parent_train_minocc100
221592,0.9710386895762946,221603,0.9710868926954747,228201,11,0.0048203119180021126,4.9640781255641e-05,distinct,passive,previously_discarded,228201,overall,6598,clean_parent_train_minocc100
68495,0.9786677716179917,68625,0.980525232897068,69988,130,0.1857461279076413,0.0018979487553836046,inverse,passive,previously_discarded,69988,overall,1363,clean_parent_train_minocc100
54900,0.5489945100548994,56924,0.5692343076569234,100001,2024,2.023979760202398,0.03686703096539162,itemRequiresStatement,passive,previously_discarded,100001,overall,43077,clean_parent_train_minocc100
6782,0.9894951852932594,6806,0.9929967901955062,6854,24,0.3501604902246863,0.003538779121203185,oneOf,passive,previously_discarded,6854,overall,48,clean_parent_train_minocc100
104448,0.8724138219055654,105157,0.8783358251964952,119723,709,0.5922003290929897,0.0067880667892156864,single,passive,previously_discarded,119723,overall,14566,clean_parent_train_minocc100
29549,0.9846384538487171,29600,0.9863378873708764,30010,51,0.16994335221592802,0.0017259467325459407,symmetric,passive,previously_discarded,30010,overall,410,clean_parent_train_minocc100
95313,0.9531395313953139,95657,0.956579565795658,99999,344,0.34400344003440037,0.003609161394563176,type,passive,previously_discarded,99999,overall,4342,clean_parent_train_minocc100
83396,0.8339683396833968,84163,0.8416384163841638,99999,767,0.7670076700767008,0.009197083792987674,valueRequiresStatement,passive,previously_discarded,99999,overall,15836,clean_parent_train_minocc100
96038,0.960370396296037,96418,0.9641703582964171,100001,380,0.3799962000379996,0.0039567671130177635,valueType,passive,previously_discarded,100001,overall,3583,clean_parent_train_minocc100
14244,0.9438738320853489,14285,0.9465906831886555,15091,41,0.2716851103306607,0.002878404942431901,conflictWith,passive,previously_discarded,15091,test,806,clean_parent_train_minocc100
33240,0.9710780017528484,33242,0.9711364300321356,34230,2,0.0058428279287175,6.016847172081829e-05,distinct,passive,previously_discarded,34230,test,988,clean_parent_train_minocc100
10319,0.9805207145572026,10336,0.9821360699353858,10524,17,0.16153553781832003,0.0016474464579901153,inverse,passive,previously_discarded,10524,test,188,clean_parent_train_minocc100
8162,0.5441696113074205,8469,0.5646376425095007,14999,307,2.046803120208014,0.03761333006616026,itemRequiresStatement,passive,previously_discarded,14999,test,6530,clean_parent_train_minocc100
1001,0.9737354085603113,1015,0.9873540856031129,1028,14,1.3618677042801557,0.013986013986013986,oneOf,passive,previously_discarded,1028,test,13,clean_parent_train_minocc100
15660,0.8719861907678601,15764,0.8777771590845815,17959,104,0.5790968316721421,0.0066411238825031926,single,passive,previously_discarded,17959,test,2195,clean_parent_train_minocc100
4415,0.9865921787709497,4423,0.9883798882681564,4475,8,0.1787709497206704,0.001812004530011325,symmetric,passive,previously_discarded,4475,test,52,clean_parent_train_minocc100
14296,0.9531302086805787,14355,0.9570638042536169,14999,59,0.3933595573038203,0.004127028539451595,type,passive,previously_discarded,14999,test,644,clean_parent_train_minocc100
12537,0.8359114548606481,12640,0.8427790372049606,14998,103,0.6867582344312575,0.008215681582515753,valueRequiresStatement,passive,previously_discarded,14998,test,2358,clean_parent_train_minocc100
14402,0.9600693287114193,14468,0.9644690353976402,15001,66,0.4399706686220919,0.004582696847660047,valueType,passive,previously_discarded,15001,test,533,clean_parent_train_minocc100
66255,0.9407212835439444,66404,0.9428368592929149,70430,149,0.21155757489706092,0.002248886876462154,conflictWith,passive,previously_discarded,70430,train,4026,clean_parent_train_minocc100
155152,0.971260086513963,155160,0.9713101669556725,159743,8,0.0050080441709495875,5.156233886769104e-05,distinct,passive,previously_discarded,159743,train,4583,clean_parent_train_minocc100
47896,0.9781081522627022,47982,0.9798644012416272,48968,86,0.1756248978925012,0.0017955570402538835,inverse,passive,previously_discarded,48968,train,986,clean_parent_train_minocc100
38585,0.5512142857142858,39987,0.5712428571428572,70000,1402,2.0028571428571427,0.03633536348321887,itemRequiresStatement,passive,previously_discarded,70000,train,30013,clean_parent_train_minocc100
4767,0.9935389745727387,4768,0.9937473947478116,4798,1,0.020842017507294707,0.00020977554017201594,oneOf,passive,previously_discarded,4798,train,30,clean_parent_train_minocc100
73185,0.8732772507606945,73688,0.8792792792792793,83805,503,0.600202851858481,0.006872993099678896,single,passive,previously_discarded,83805,train,10117,clean_parent_train_minocc100
20700,0.9842613285150492,20733,0.9858304407778993,21031,33,0.15691122628500784,0.0015942028985507246,symmetric,passive,previously_discarded,21031,train,298,clean_parent_train_minocc100
66698,0.9528149597862887,66945,0.956343480807417,70001,247,0.35285210211282697,0.0037032594680500167,type,passive,previously_discarded,70001,train,3056,clean_parent_train_minocc100
58340,0.8334285714285714,58879,0.8411285714285714,70000,539,0.77,0.009238944120671923,valueRequiresStatement,passive,previously_discarded,70000,train,11121,clean_parent_train_minocc100
67236,0.9605142857142858,67486,0.9640857142857143,70000,250,0.35714285714285715,0.0037182461776429296,valueType,passive,previously_discarded,70000,train,2514,clean_parent_train_minocc100
14173,0.9391068115557911,14213,0.9417572223694672,15092,40,0.26504108136761195,0.0028222676920905947,conflictWith,passive,previously_discarded,15092,val,879,clean_parent_train_minocc100
33200,0.9699661096178567,33201,0.9699953254645319,34228,1,0.002921584667523665,3.0120481927710842e-05,distinct,passive,previously_discarded,34228,val,1027,clean_parent_train_minocc100
10280,0.979420731707317,10307,0.9819931402439024,10496,27,0.2572408536585366,0.002626459143968872,inverse,passive,previously_discarded,10496,val,189,clean_parent_train_minocc100
8153,0.5434608718837488,8468,0.5644580722570324,15002,315,2.0997200373283564,0.03863608487673249,itemRequiresStatement,passive,previously_discarded,15002,val,6534,clean_parent_train_minocc100
1014,0.9863813229571985,1023,0.995136186770428,1028,9,0.8754863813229572,0.008875739644970414,oneOf,passive,previously_discarded,1028,val,5,clean_parent_train_minocc100
15603,0.8688122946711955,15705,0.8744918982125953,17959,102,0.5679603541399855,0.006537204383772351,single,passive,previously_discarded,17959,val,2254,clean_parent_train_minocc100
4434,0.9844582593250444,4444,0.9866785079928952,4504,10,0.22202486678507993,0.0022552999548940008,symmetric,passive,previously_discarded,4504,val,60,clean_parent_train_minocc100
14319,0.9546636442429496,14357,0.9571971464764317,14999,38,0.2533502233482232,0.0026538166073049796,type,passive,previously_discarded,14999,val,642,clean_parent_train_minocc100
12519,0.834544363709086,12644,0.8428771415238984,15001,125,0.8332777814812345,0.009984823068935219,valueRequiresStatement,passive,previously_discarded,15001,val,2357,clean_parent_train_minocc100
14400,0.96,14464,0.9642666666666667,15000,64,0.4266666666666667,0.0044444444444444444,valueType,passive,previously_discarded,15000,val,536,clean_parent_train_minocc100
855185,0.8951170674981604,859900,0.900052230034049,955389,4715,0.4935162535888523,0.00551342691932155,overall,factorized,previously_discarded,955389,overall,95489,clean_parent_train_minocc100
128276,0.895132027019483,129021,0.9003307653659354,143304,745,0.5198738346452297,0.005807789453989834,overall,factorized,previously_discarded,143304,test,14283,clean_parent_train_minocc100
598814,0.8953879923920715,602032,0.900199767934256,668776,3218,0.4811775542184528,0.005373955852735574,overall,factorized,previously_discarded,668776,train,66744,clean_parent_train_minocc100
128095,0.8938377910668556,128847,0.8990851935328555,143309,752,0.5247402466000042,0.0058706428822358405,overall,factorized,previously_discarded,143309,val,14462,clean_parent_train_minocc100
94672,0.9409519644578732,94903,0.9432478904316539,100613,231,0.22959259737807242,0.0024400033800912623,conflictWith,factorized,previously_discarded,100613,overall,5710,clean_parent_train_minocc100
221592,0.9710386895762946,221603,0.9710868926954747,228201,11,0.0048203119180021126,4.9640781255641e-05,distinct,factorized,previously_discarded,228201,overall,6598,clean_parent_train_minocc100
68495,0.9786677716179917,68625,0.980525232897068,69988,130,0.1857461279076413,0.0018979487553836046,inverse,factorized,previously_discarded,69988,overall,1363,clean_parent_train_minocc100
54900,0.5489945100548994,56959,0.5695843041569584,100001,2059,2.058979410205898,0.03750455373406193,itemRequiresStatement,factorized,previously_discarded,100001,overall,43042,clean_parent_train_minocc100
6782,0.9894951852932594,6806,0.9929967901955062,6854,24,0.3501604902246863,0.003538779121203185,oneOf,factorized,previously_discarded,6854,overall,48,clean_parent_train_minocc100
104448,0.8724138219055654,105161,0.8783692356522974,119723,713,0.595541374673204,0.006826363357843137,single,factorized,previously_discarded,119723,overall,14562,clean_parent_train_minocc100
29549,0.9846384538487171,29600,0.9863378873708764,30010,51,0.16994335221592802,0.0017259467325459407,symmetric,factorized,previously_discarded,30010,overall,410,clean_parent_train_minocc100
95313,0.9531395313953139,95659,0.95659956599566,99999,346,0.34600346003460036,0.0036301448910431946,type,factorized,previously_discarded,99999,overall,4340,clean_parent_train_minocc100
83396,0.8339683396833968,84166,0.8416684166841668,99999,770,0.7700077000770008,0.00923305674133052,valueRequiresStatement,factorized,previously_discarded,99999,overall,15833,clean_parent_train_minocc100
96038,0.960370396296037,96418,0.9641703582964171,100001,380,0.3799962000379996,0.0039567671130177635,valueType,factorized,previously_discarded,100001,overall,3583,clean_parent_train_minocc100
14244,0.9438738320853489,14286,0.9466569478497118,15091,42,0.2783115764362865,0.0029486099410278013,conflictWith,factorized,previously_discarded,15091,test,805,clean_parent_train_minocc100
33240,0.9710780017528484,33242,0.9711364300321356,34230,2,0.0058428279287175,6.016847172081829e-05,distinct,factorized,previously_discarded,34230,test,988,clean_parent_train_minocc100
10319,0.9805207145572026,10336,0.9821360699353858,10524,17,0.16153553781832003,0.0016474464579901153,inverse,factorized,previously_discarded,10524,test,188,clean_parent_train_minocc100
8162,0.5441696113074205,8489,0.5659710647376491,14999,327,2.1801453430228683,0.04006370987503063,itemRequiresStatement,factorized,previously_discarded,14999,test,6510,clean_parent_train_minocc100
1001,0.9737354085603113,1015,0.9873540856031129,1028,14,1.3618677042801557,0.013986013986013986,oneOf,factorized,previously_discarded,1028,test,13,clean_parent_train_minocc100
15660,0.8719861907678601,15765,0.8778328414722423,17959,105,0.5846650704382204,0.006704980842911878,single,factorized,previously_discarded,17959,test,2194,clean_parent_train_minocc100
4415,0.9865921787709497,4423,0.9883798882681564,4475,8,0.1787709497206704,0.001812004530011325,symmetric,factorized,previously_discarded,4475,test,52,clean_parent_train_minocc100
14296,0.9531302086805787,14356,0.9571304753650244,14999,60,0.40002666844456297,0.004196978175713486,type,factorized,previously_discarded,14999,test,643,clean_parent_train_minocc100
12537,0.8359114548606481,12641,0.8428457127617016,14998,104,0.6934257901053473,0.00829544548137513,valueRequiresStatement,factorized,previously_discarded,14998,test,2357,clean_parent_train_minocc100
14402,0.9600693287114193,14468,0.9644690353976402,15001,66,0.4399706686220919,0.004582696847660047,valueType,factorized,previously_discarded,15001,test,533,clean_parent_train_minocc100
66255,0.9407212835439444,66404,0.9428368592929149,70430,149,0.21155757489706092,0.002248886876462154,conflictWith,factorized,previously_discarded,70430,train,4026,clean_parent_train_minocc100
155152,0.971260086513963,155160,0.9713101669556725,159743,8,0.0050080441709495875,5.156233886769104e-05,distinct,factorized,previously_discarded,159743,train,4583,clean_parent_train_minocc100
47896,0.9781081522627022,47982,0.9798644012416272,48968,86,0.1756248978925012,0.0017955570402538835,inverse,factorized,previously_discarded,48968,train,986,clean_parent_train_minocc100
38585,0.5512142857142858,39987,0.5712428571428572,70000,1402,2.0028571428571427,0.03633536348321887,itemRequiresStatement,factorized,previously_discarded,70000,train,30013,clean_parent_train_minocc100
4767,0.9935389745727387,4768,0.9937473947478116,4798,1,0.020842017507294707,0.00020977554017201594,oneOf,factorized,previously_discarded,4798,train,30,clean_parent_train_minocc100
73185,0.8732772507606945,73688,0.8792792792792793,83805,503,0.600202851858481,0.006872993099678896,single,factorized,previously_discarded,83805,train,10117,clean_parent_train_minocc100
20700,0.9842613285150492,20733,0.9858304407778993,21031,33,0.15691122628500784,0.0015942028985507246,symmetric,factorized,previously_discarded,21031,train,298,clean_parent_train_minocc100
66698,0.9528149597862887,66945,0.956343480807417,70001,247,0.35285210211282697,0.0037032594680500167,type,factorized,previously_discarded,70001,train,3056,clean_parent_train_minocc100
58340,0.8334285714285714,58879,0.8411285714285714,70000,539,0.77,0.009238944120671923,valueRequiresStatement,factorized,previously_discarded,70000,train,11121,clean_parent_train_minocc100
67236,0.9605142857142858,67486,0.9640857142857143,70000,250,0.35714285714285715,0.0037182461776429296,valueType,factorized,previously_discarded,70000,train,2514,clean_parent_train_minocc100
14173,0.9391068115557911,14213,0.9417572223694672,15092,40,0.26504108136761195,0.0028222676920905947,conflictWith,factorized,previously_discarded,15092,val,879,clean_parent_train_minocc100
33200,0.9699661096178567,33201,0.9699953254645319,34228,1,0.002921584667523665,3.0120481927710842e-05,distinct,factorized,previously_discarded,34228,val,1027,clean_parent_train_minocc100
10280,0.979420731707317,10307,0.9819931402439024,10496,27,0.2572408536585366,0.002626459143968872,inverse,factorized,previously_discarded,10496,val,189,clean_parent_train_minocc100
8153,0.5434608718837488,8483,0.5654579389414744,15002,330,2.1997067057725634,0.04047589844229118,itemRequiresStatement,factorized,previously_discarded,15002,val,6519,clean_parent_train_minocc100
1014,0.9863813229571985,1023,0.995136186770428,1028,9,0.8754863813229572,0.008875739644970414,oneOf,factorized,previously_discarded,1028,val,5,clean_parent_train_minocc100
15603,0.8688122946711955,15708,0.8746589453755778,17959,105,0.5846650704382204,0.006729475100942127,single,factorized,previously_discarded,17959,val,2251,clean_parent_train_minocc100
4434,0.9844582593250444,4444,0.9866785079928952,4504,10,0.22202486678507993,0.0022552999548940008,symmetric,factorized,previously_discarded,4504,val,60,clean_parent_train_minocc100
14319,0.9546636442429496,14358,0.9572638175878392,14999,39,0.2600173344889659,0.0027236538864445843,type,factorized,previously_discarded,14999,val,641,clean_parent_train_minocc100
12519,0.834544363709086,12646,0.8430104659689354,15001,127,0.8466102259849343,0.010144580238038181,valueRequiresStatement,factorized,previously_discarded,15001,val,2355,clean_parent_train_minocc100
14400,0.96,14464,0.9642666666666667,15000,64,0.4266666666666667,0.0044444444444444444,valueType,factorized,previously_discarded,15000,val,536,clean_parent_train_minocc100
