schema_version,validator_semantics_version,hierarchy_content_sha256,constraint_type,support,fidelity_micro_f1,pfr_value,pfr_numerator,pfr_denominator,local_satisfaction_value,local_satisfaction_numerator,local_satisfaction_denominator,delta_local_satisfaction_value,delta_local_satisfaction_numerator,delta_local_satisfaction_denominator,sir_value,sir_numerator,sir_denominator,srr_value,srr_numerator,srr_denominator,disruption_value,disruption_numerator,disruption_denominator,base_deletion_rate_value,base_deletion_rate_numerator,base_deletion_rate_denominator,deletes_base_action_rate_value,deletes_base_action_rate_numerator,deletes_base_action_rate_denominator,eppf_value,eppf_numerator,eppf_denominator,vacuous_improvement_value,vacuous_improvement_numerator,vacuous_improvement_denominator
3,2,b388d49c9711896db1cde320c19afa1f6fe03b49fde014e1b0e993aa0990fd8c,conflictWith,15093,0.7205788465630985,0.9288542855225183,13839,14899,0.9058587970376891,922032,1017854,0.015389089880066894,15662,1017734,0.04618573797678275,4456,96480,0.0029056550469892866,2633,906164,0.9988736500364407,15076,15093,0.5645000993838203,8520,15093,0.5646988670244484,8523,15093,0.3879454996979663,5780,14899,0.48843834890346516,7372,15093
3,2,b388d49c9711896db1cde320c19afa1f6fe03b49fde014e1b0e993aa0990fd8c,single,17958,0.5099694443005851,0.5149748210972701,1943,3773,0.9368576778206462,941675,1005142,-0.0026226794112701587,-2636,1005079,0.003874338206935241,221,57042,0.005133709755439785,4797,934412,1.0020046775810223,17994,17958,0.9942643946987415,17855,17958,0.9957679028845083,17882,17958,0.004770739464617015,18,3773,0.11237331551397706,2018,17958
3,2,b388d49c9711896db1cde320c19afa1f6fe03b49fde014e1b0e993aa0990fd8c,type,15001,0.5242699092993122,0.7290446146913024,6471,8876,0.921464393358103,517593,561707,0.02131220689667531,11893,558037,0.34367296631059985,16730,48680,0.02264548442071577,11308,499349,0.9841343910405973,14763,15001,0.015198986734217719,228,15001,0.015198986734217719,228,15001,0.7270166741775574,6453,8876,0.0013332444503699754,20,15001
3,2,b388d49c9711896db1cde320c19afa1f6fe03b49fde014e1b0e993aa0990fd8c,distinct,34232,0.5733049593415731,0.9945437268185023,32445,32623,0.946267624063255,1370416,1448233,0.022501633054965938,32587,1448206,0.011470160865148456,892,77767,0.0005612894390024315,750,1336209,1.01393433045104,34709,34232,0.9967574199579341,34121,34232,0.9967866323907455,34122,34232,0.002758789810869632,90,32623,0.9416919841084366,32236,34232
3,2,b388d49c9711896db1cde320c19afa1f6fe03b49fde014e1b0e993aa0990fd8c,valueType,14999,0.3521804012601559,0.708339977675012,4442,6271,0.942675349342016,1389692,1474200,0.010171706177601715,14962,1470943,0.3046925082268473,28518,93596,0.013185232071219887,17998,1365012,0.9944662977531835,14916,14999,0.007333822254816988,110,14999,0.007333822254816988,110,14999,0.7051506936692713,4422,6271,0.0010667377825188346,16,14999
3,2,b388d49c9711896db1cde320c19afa1f6fe03b49fde014e1b0e993aa0990fd8c,itemRequiresStatement,15001,0.3497772865802606,0.5701979623954279,6884,12073,0.8975919084050702,387985,432251,0.013285391173229716,5727,431075,0.11076223473365093,4092,36944,0.013844818809329756,5249,379131,0.9859342710485968,14790,15001,0.007199520031997867,108,15001,0.007666155589627358,115,15001,0.5650625362378862,6822,12073,0.004066395573628425,61,15001
3,2,b388d49c9711896db1cde320c19afa1f6fe03b49fde014e1b0e993aa0990fd8c,inverse,15001,0.698333665272522,0.6455117915792074,5228,8099,0.9186146289501717,434637,473144,0.010603895774504997,5017,473128,0.0020544860970392884,73,35532,0.0006714487689317818,284,422966,0.9848676754883008,14774,15001,0.01719885340977268,258,15001,0.017465502299846676,262,15001,0.6282257068773923,5088,8099,0.009466035597626824,142,15001
3,2,b388d49c9711896db1cde320c19afa1f6fe03b49fde014e1b0e993aa0990fd8c,valueRequiresStatement,15003,0.5921632274518897,0.889253241913847,5966,6709,0.9605444164290297,756203,787265,0.015683811911205575,12338,786671,0.21529427830124265,7883,36615,0.002031371751871803,1499,737925,0.9908018396320736,14865,15003,0.0007998400319936012,12,15003,0.0007998400319936012,12,15003,0.8886570278730064,5962,6709,0.0001999600079984003,3,15003
3,2,b388d49c9711896db1cde320c19afa1f6fe03b49fde014e1b0e993aa0990fd8c,oneOf,1028,0.6951469583048531,0.5676855895196506,130,229,0.932683986089912,59273,63551,-0.007459632998646565,-474,63542,0.0030846887268648347,11,3566,0.010293403852913116,615,59747,1.08852140077821,1119,1028,0.9834630350194552,1011,1028,0.9902723735408561,1018,1028,0.0,0,229,0.12743190661478598,131,1028
