slice,support,candidate_set_nonempty_rate,candidate_count_mean,oracle_safe_available_rate,selected_safe_rate,oracle_non_vacuous_safe_available_rate,selected_non_vacuous_safe_rate,oracle_paper_metrics,selected_paper_metrics
conflictWith,15093,1.0,42.5926588484728,0.919830384946664,0.5574107202014179,0.5695355462797324,0.2319618366129994,"{'pfr': {'value': 0.9655847223159457, 'numerator': 14309, 'denominator': 14819}, 'local_satisfaction': {'value': 0.6241441481574977, 'numerator': 504379, 'denominator': 808113}, 'delta_local_satisfaction': {'value': 0.0666569937876428, 'numerator': 45022, 'denominator': 675428}, 'sir': {'value': 0.09388597250379563, 'numerator': 31352, 'denominator': 333937}, 'srr': {'value': 0.0019568452836660074, 'numerator': 639, 'denominator': 326546}, 'disruption': {'value': 0.9904591532498509, 'numerator': 14949, 'denominator': 15093}, 'base_deletion_rate': {'value': 0.7498177963294242, 'numerator': 11317, 'denominator': 15093}, 'deletes_base_action_rate': {'value': 0.7498177963294242, 'numerator': 11317, 'denominator': 15093}, 'eppf': {'value': 0.24502328092313921, 'numerator': 3631, 'denominator': 14819}, 'vacuous_improvement': {'value': 0.7102630358444312, 'numerator': 10720, 'denominator': 15093}}","{'pfr': {'value': 0.6010527026115122, 'numerator': 8907, 'denominator': 14819}, 'local_satisfaction': {'value': 0.5683438672923609, 'numerator': 421107, 'denominator': 740937}, 'delta_local_satisfaction': {'value': 0.04309134044023733, 'numerator': 29116, 'denominator': 675681}, 'sir': {'value': 0.06569972254729715, 'numerator': 21951, 'denominator': 334111}, 'srr': {'value': 0.005311902028319939, 'numerator': 1735, 'denominator': 326625}, 'disruption': {'value': 1.0, 'numerator': 15093, 'denominator': 15093}, 'base_deletion_rate': {'value': 0.3735506526204201, 'numerator': 5638, 'denominator': 15093}, 'deletes_base_action_rate': {'value': 0.3735506526204201, 'numerator': 5638, 'denominator': 15093}, 'eppf': {'value': 0.2586544301234901, 'numerator': 3833, 'denominator': 14819}, 'vacuous_improvement': {'value': 0.34174783011992316, 'numerator': 5158, 'denominator': 15093}}"
distinct,34232,1.0,41.75081794811872,0.7522201448936667,0.5333021734050012,0.0,0.0,"{'pfr': {'value': 1.0, 'numerator': 25754, 'denominator': 25754}, 'local_satisfaction': {'value': 0.9564948797072966, 'numerator': 1280453, 'denominator': 1338693}, 'delta_local_satisfaction': {'value': 0.060670079469953696, 'numerator': 59044, 'denominator': 973198}, 'sir': {'value': 0.3638369933355184, 'numerator': 33302, 'denominator': 91530}, 'srr': {'value': 1.416029453412631e-05, 'numerator': 12, 'denominator': 847440}, 'disruption': {'value': 0.9558308015891563, 'numerator': 32720, 'denominator': 34232}, 'base_deletion_rate': {'value': 0.9556847394250993, 'numerator': 32715, 'denominator': 34232}, 'deletes_base_action_rate': {'value': 0.9556847394250993, 'numerator': 32715, 'denominator': 34232}, 'eppf': {'value': 0.0, 'numerator': 0, 'denominator': 25754}, 'vacuous_improvement': {'value': 0.9211848562748306, 'numerator': 31534, 'denominator': 34232}}","{'pfr': {'value': 0.7088607594936709, 'numerator': 18256, 'denominator': 25754}, 'local_satisfaction': {'value': 0.9356226509646705, 'numerator': 1120221, 'denominator': 1197300}, 'delta_local_satisfaction': {'value': 0.0413123358501268, 'numerator': 40205, 'denominator': 973196}, 'sir': {'value': 0.24119960668633236, 'numerator': 22077, 'denominator': 91530}, 'srr': {'value': 0.00015104349816741757, 'numerator': 128, 'denominator': 847438}, 'disruption': {'value': 1.0, 'numerator': 34232, 'denominator': 34232}, 'base_deletion_rate': {'value': 0.6523136246786633, 'numerator': 22330, 'denominator': 34232}, 'deletes_base_action_rate': {'value': 0.6523136246786633, 'numerator': 22330, 'denominator': 34232}, 'eppf': {'value': 0.0, 'numerator': 0, 'denominator': 25754}, 'vacuous_improvement': {'value': 0.5917270390278102, 'numerator': 20256, 'denominator': 34232}}"
inverse,15001,1.0,41.93840410639291,0.053596426904873005,0.03386440903939737,0.053596426904873005,0.016465568962069195,"{'pfr': {'value': 1.0, 'numerator': 804, 'denominator': 804}, 'local_satisfaction': {'value': 0.6903392709157196, 'numerator': 219084, 'denominator': 317357}, 'delta_local_satisfaction': {'value': 0.018700200143499112, 'numerator': 4952, 'denominator': 264810}, 'sir': {'value': 0.040499506937053925, 'numerator': 4148, 'denominator': 102421}, 'srr': {'value': 0.0, 'numerator': 0, 'denominator': 147388}, 'disruption': {'value': 0.6560229318045464, 'numerator': 9841, 'denominator': 15001}, 'base_deletion_rate': {'value': 0.6420238650756617, 'numerator': 9631, 'denominator': 15001}, 'deletes_base_action_rate': {'value': 0.6420238650756617, 'numerator': 9631, 'denominator': 15001}, 'eppf': {'value': 0.26119402985074625, 'numerator': 210, 'denominator': 804}, 'vacuous_improvement': {'value': 0.29844677021531896, 'numerator': 4477, 'denominator': 15001}}","{'pfr': {'value': 0.6318407960199005, 'numerator': 508, 'denominator': 804}, 'local_satisfaction': {'value': 0.6220122167949784, 'numerator': 169749, 'denominator': 272903}, 'delta_local_satisfaction': {'value': 0.0002681360016012629, 'numerator': 71, 'denominator': 264791}, 'sir': {'value': 0.002606887259448746, 'numerator': 267, 'denominator': 102421}, 'srr': {'value': 0.004777124089869647, 'numerator': 704, 'denominator': 147369}, 'disruption': {'value': 1.0, 'numerator': 15001, 'denominator': 15001}, 'base_deletion_rate': {'value': 0.06279581361242584, 'numerator': 942, 'denominator': 15001}, 'deletes_base_action_rate': {'value': 0.06279581361242584, 'numerator': 942, 'denominator': 15001}, 'eppf': {'value': 0.3072139303482587, 'numerator': 247, 'denominator': 804}, 'vacuous_improvement': {'value': 0.029131391240583962, 'numerator': 437, 'denominator': 15001}}"
itemRequiresStatement,15001,1.0,40.987000866608895,0.033731084594360375,0.006199586694220385,0.0161989200719952,0.0038664089060729285,"{'pfr': {'value': 0.9972862957937585, 'numerator': 735, 'denominator': 737}, 'local_satisfaction': {'value': 0.7388352460333042, 'numerator': 206981, 'denominator': 280145}, 'delta_local_satisfaction': {'value': 0.023747154525977504, 'numerator': 5675, 'denominator': 238976}, 'sir': {'value': 0.06808140056094156, 'numerator': 5316, 'denominator': 78083}, 'srr': {'value': 0.002395148550170718, 'numerator': 376, 'denominator': 156984}, 'disruption': {'value': 0.5112992467168855, 'numerator': 7670, 'denominator': 15001}, 'base_deletion_rate': {'value': 0.49023398440103994, 'numerator': 7354, 'denominator': 15001}, 'deletes_base_action_rate': {'value': 0.49023398440103994, 'numerator': 7354, 'denominator': 15001}, 'eppf': {'value': 0.3378561736770692, 'numerator': 249, 'denominator': 737}, 'vacuous_improvement': {'value': 0.24171721885207653, 'numerator': 3626, 'denominator': 15001}}","{'pfr': {'value': 0.6173677069199457, 'numerator': 455, 'denominator': 737}, 'local_satisfaction': {'value': 0.6691117115039291, 'numerator': 162463, 'denominator': 242804}, 'delta_local_satisfaction': {'value': -0.005699947726084684, 'numerator': -1363, 'denominator': 239125}, 'sir': {'value': 0.006826069695068069, 'numerator': 533, 'denominator': 78083}, 'srr': {'value': 0.014961847606804426, 'numerator': 2351, 'denominator': 157133}, 'disruption': {'value': 1.0, 'numerator': 15001, 'denominator': 15001}, 'base_deletion_rate': {'value': 0.017132191187254182, 'numerator': 257, 'denominator': 15001}, 'deletes_base_action_rate': {'value': 0.017132191187254182, 'numerator': 257, 'denominator': 15001}, 'eppf': {'value': 0.5658073270013568, 'numerator': 417, 'denominator': 737}, 'vacuous_improvement': {'value': 0.006266248916738884, 'numerator': 94, 'denominator': 15001}}"
oneOf,1028,1.0,60.87548638132296,0.7071984435797666,0.2529182879377432,0.0,0.0,"{'pfr': {'value': 1.0, 'numerator': 1028, 'denominator': 1028}, 'local_satisfaction': {'value': 0.7174385011197155, 'numerator': 41968, 'denominator': 58497}, 'delta_local_satisfaction': {'value': 0.060496827881684104, 'numerator': 2937, 'denominator': 48548}, 'sir': {'value': 0.13488447770907908, 'numerator': 2487, 'denominator': 18438}, 'srr': {'value': 0.019874836668729797, 'numerator': 578, 'denominator': 29082}, 'disruption': {'value': 1.0, 'numerator': 1028, 'denominator': 1028}, 'base_deletion_rate': {'value': 1.0, 'numerator': 1028, 'denominator': 1028}, 'deletes_base_action_rate': {'value': 1.0, 'numerator': 1028, 'denominator': 1028}, 'eppf': {'value': 0.0, 'numerator': 0, 'denominator': 1028}, 'vacuous_improvement': {'value': 0.9474708171206225, 'numerator': 974, 'denominator': 1028}}","{'pfr': {'value': 0.39105058365758755, 'numerator': 402, 'denominator': 1028}, 'local_satisfaction': {'value': 0.6597878242615085, 'numerator': 35201, 'denominator': 53352}, 'delta_local_satisfaction': {'value': 0.027540889053681045, 'numerator': 1337, 'denominator': 48546}, 'sir': {'value': 0.0721336370539104, 'numerator': 1330, 'denominator': 18438}, 'srr': {'value': 0.013583218707015132, 'numerator': 395, 'denominator': 29080}, 'disruption': {'value': 1.0, 'numerator': 1028, 'denominator': 1028}, 'base_deletion_rate': {'value': 0.39105058365758755, 'numerator': 402, 'denominator': 1028}, 'deletes_base_action_rate': {'value': 0.39105058365758755, 'numerator': 402, 'denominator': 1028}, 'eppf': {'value': 0.0, 'numerator': 0, 'denominator': 1028}, 'vacuous_improvement': {'value': 0.3735408560311284, 'numerator': 384, 'denominator': 1028}}"
single,17958,1.0,41.29468760441029,0.17791513531573672,0.1657200133645172,0.1712885622006905,0.020993429112373316,"{'pfr': {'value': 0.5459671907040328, 'numerator': 3195, 'denominator': 5852}, 'local_satisfaction': {'value': 0.653984597056902, 'numerator': 459485, 'denominator': 702593}, 'delta_local_satisfaction': {'value': 0.01694921102664877, 'numerator': 9824, 'denominator': 579614}, 'sir': {'value': 0.026829367006637527, 'numerator': 6629, 'denominator': 247080}, 'srr': {'value': 0.0, 'numerator': 0, 'denominator': 314576}, 'disruption': {'value': 0.8406838177970821, 'numerator': 15097, 'denominator': 17958}, 'base_deletion_rate': {'value': 0.8307718008686936, 'numerator': 14919, 'denominator': 17958}, 'deletes_base_action_rate': {'value': 0.8307718008686936, 'numerator': 14919, 'denominator': 17958}, 'eppf': {'value': 0.030416951469583047, 'numerator': 178, 'denominator': 5852}, 'vacuous_improvement': {'value': 0.477280320748413, 'numerator': 8571, 'denominator': 17958}}","{'pfr': {'value': 0.508544087491456, 'numerator': 2976, 'denominator': 5852}, 'local_satisfaction': {'value': 0.6463726462414815, 'numerator': 448443, 'denominator': 693784}, 'delta_local_satisfaction': {'value': 0.013101822937334157, 'numerator': 7594, 'denominator': 579614}, 'sir': {'value': 0.026311316172899467, 'numerator': 6501, 'denominator': 247080}, 'srr': {'value': 0.0059762982554295305, 'numerator': 1880, 'denominator': 314576}, 'disruption': {'value': 1.0, 'numerator': 17958, 'denominator': 17958}, 'base_deletion_rate': {'value': 0.7719679251587036, 'numerator': 13863, 'denominator': 17958}, 'deletes_base_action_rate': {'value': 0.7719679251587036, 'numerator': 13863, 'denominator': 17958}, 'eppf': {'value': 0.06442241968557758, 'numerator': 377, 'denominator': 5852}, 'vacuous_improvement': {'value': 0.39670341908898543, 'numerator': 7124, 'denominator': 17958}}"
type,15001,1.0,45.37504166388907,0.02379841343910406,0.006866208919405373,0.011999200053329778,0.002866475568295447,"{'pfr': {'value': 0.9427860696517413, 'numerator': 379, 'denominator': 402}, 'local_satisfaction': {'value': 0.8335893951579356, 'numerator': 300584, 'denominator': 360590}, 'delta_local_satisfaction': {'value': 0.015442513559241632, 'numerator': 4883, 'denominator': 316205}, 'sir': {'value': 0.07052693607914896, 'numerator': 4548, 'denominator': 64486}, 'srr': {'value': 0.00017637956883212675, 'numerator': 44, 'denominator': 249462}, 'disruption': {'value': 0.4250383307779481, 'numerator': 6376, 'denominator': 15001}, 'base_deletion_rate': {'value': 0.38064129058062796, 'numerator': 5710, 'denominator': 15001}, 'deletes_base_action_rate': {'value': 0.38064129058062796, 'numerator': 5710, 'denominator': 15001}, 'eppf': {'value': 0.11194029850746269, 'numerator': 45, 'denominator': 402}, 'vacuous_improvement': {'value': 0.16572228518098794, 'numerator': 2486, 'denominator': 15001}}","{'pfr': {'value': 0.2562189054726368, 'numerator': 103, 'denominator': 402}, 'local_satisfaction': {'value': 0.7818245431520804, 'numerator': 252509, 'denominator': 322974}, 'delta_local_satisfaction': {'value': -0.015856942594133786, 'numerator': -5011, 'denominator': 316013}, 'sir': {'value': 0.012049126942282046, 'numerator': 777, 'denominator': 64486}, 'srr': {'value': 0.02363300838448269, 'numerator': 5891, 'denominator': 249270}, 'disruption': {'value': 1.0, 'numerator': 15001, 'denominator': 15001}, 'base_deletion_rate': {'value': 0.043530431304579696, 'numerator': 653, 'denominator': 15001}, 'deletes_base_action_rate': {'value': 0.043530431304579696, 'numerator': 653, 'denominator': 15001}, 'eppf': {'value': 0.10696517412935323, 'numerator': 43, 'denominator': 402}, 'vacuous_improvement': {'value': 0.012999133391107259, 'numerator': 195, 'denominator': 15001}}"
valueRequiresStatement,15003,1.0,40.96360727854429,0.037259214823701925,0.034459774711724324,0.03679264147170566,0.03372658801573019,"{'pfr': {'value': 1.0, 'numerator': 565, 'denominator': 565}, 'local_satisfaction': {'value': 0.7714789065252701, 'numerator': 448858, 'denominator': 581815}, 'delta_local_satisfaction': {'value': 0.04739282239139145, 'numerator': 23184, 'denominator': 489188}, 'sir': {'value': 0.14542731526713631, 'numerator': 22625, 'denominator': 155576}, 'srr': {'value': 1.847580746976896e-05, 'numerator': 6, 'denominator': 324749}, 'disruption': {'value': 0.6977271212424182, 'numerator': 10468, 'denominator': 15003}, 'base_deletion_rate': {'value': 0.6785976138105713, 'numerator': 10181, 'denominator': 15003}, 'deletes_base_action_rate': {'value': 0.6785976138105713, 'numerator': 10181, 'denominator': 15003}, 'eppf': {'value': 0.23716814159292035, 'numerator': 134, 'denominator': 565}, 'vacuous_improvement': {'value': 0.46024128507631806, 'numerator': 6905, 'denominator': 15003}}","{'pfr': {'value': 0.9168141592920354, 'numerator': 518, 'denominator': 565}, 'local_satisfaction': {'value': 0.684646915394907, 'numerator': 337229, 'denominator': 492559}, 'delta_local_satisfaction': {'value': 0.0017834878410614406, 'numerator': 874, 'denominator': 490051}, 'sir': {'value': 0.003392596685792859, 'numerator': 528, 'denominator': 155633}, 'srr': {'value': 0.0005283285466357451, 'numerator': 172, 'denominator': 325555}, 'disruption': {'value': 1.0, 'numerator': 15003, 'denominator': 15003}, 'base_deletion_rate': {'value': 0.020262614143837898, 'numerator': 304, 'denominator': 15003}, 'deletes_base_action_rate': {'value': 0.020262614143837898, 'numerator': 304, 'denominator': 15003}, 'eppf': {'value': 0.8955752212389381, 'numerator': 506, 'denominator': 565}, 'vacuous_improvement': {'value': 0.004799040191961607, 'numerator': 72, 'denominator': 15003}}"
valueType,14999,1.0,44.289152610174014,0.23694912994199613,0.009733982265484366,0.023801586772451498,0.00960064004266951,"{'pfr': {'value': 0.897495904516733, 'numerator': 3835, 'denominator': 4273}, 'local_satisfaction': {'value': 0.8470021718706615, 'numerator': 1113414, 'denominator': 1314535}, 'delta_local_satisfaction': {'value': 0.01481245433912934, 'numerator': 16362, 'denominator': 1104611}, 'sir': {'value': 0.06019914731554484, 'numerator': 12835, 'denominator': 213209}, 'srr': {'value': 0.00034760782614191426, 'numerator': 308, 'denominator': 886056}, 'disruption': {'value': 0.8291219414627642, 'numerator': 12436, 'denominator': 14999}, 'base_deletion_rate': {'value': 0.8113874258283885, 'numerator': 12170, 'denominator': 14999}, 'deletes_base_action_rate': {'value': 0.8113874258283885, 'numerator': 12170, 'denominator': 14999}, 'eppf': {'value': 0.043997191668616896, 'numerator': 188, 'denominator': 4273}, 'vacuous_improvement': {'value': 0.5289019267951197, 'numerator': 7933, 'denominator': 14999}}","{'pfr': {'value': 0.03416803182775568, 'numerator': 146, 'denominator': 4273}, 'local_satisfaction': {'value': 0.8043967935583076, 'numerator': 893495, 'denominator': 1110764}, 'delta_local_satisfaction': {'value': 0.00022723198847001352, 'numerator': 251, 'denominator': 1104598}, 'sir': {'value': 0.002176268356401465, 'numerator': 464, 'denominator': 213209}, 'srr': {'value': 0.00040517220947516093, 'numerator': 359, 'denominator': 886043}, 'disruption': {'value': 1.0, 'numerator': 14999, 'denominator': 14999}, 'base_deletion_rate': {'value': 0.02253483565571038, 'numerator': 338, 'denominator': 14999}, 'deletes_base_action_rate': {'value': 0.02253483565571038, 'numerator': 338, 'denominator': 14999}, 'eppf': {'value': 0.033699976597238473, 'numerator': 144, 'denominator': 4273}, 'vacuous_improvement': {'value': 0.010667377825188345, 'numerator': 160, 'denominator': 14999}}"
